sample	tool	rank	L1_total_variation_pctpts	BrayCurtis_pct	Precision_%	Recall_%	F1_%	TP	FP	FN
cami_i_hc	basta	superkingdom	49.6545	98.6276	100.00	50.00	66.67	1	0	1
cami_i_hc	basta	phylum	49.6545	98.6276	100.00	25.00	40.00	1	0	3
cami_i_hc	basta	class	49.2776	97.1517	100.00	40.00	57.14	2	0	3
cami_i_hc	basta	order	49.3405	97.2755	100.00	37.50	54.55	3	0	5
cami_i_hc	basta	family	48.5553	94.2683	100.00	33.33	50.00	3	0	6
cami_i_hc	basta	genus	49.2463	95.8435	60.00	23.08	33.33	3	2	10
cami_i_hc	basta	species	86.8433	91.1067	50.00	7.14	12.50	1	1	13
cami_i_hc	camitax	superkingdom	50.0000	50.0000	50.00	50.00	50.00	1	1	1
cami_i_hc	camitax	phylum	25.0000	33.3333	100.00	25.00	40.00	1	0	3
cami_i_hc	camitax	class	50.0000	100.0000	0.00	0.00	0.00	0	0	5
cami_i_hc	camitax	order	50.0001	100.0000	0.00	0.00	0.00	0	0	8
cami_i_hc	camitax	family	50.0000	100.0000	0.00	0.00	0.00	0	0	9
cami_i_hc	camitax	genus	50.0001	100.0000	0.00	0.00	0.00	0	0	13
cami_i_hc	camitax	species	50.0001	100.0000	0.00	0.00	0.00	0	0	14
cami_i_hc	centrifuge	superkingdom	50.0000	89.3339	66.67	100.00	80.00	2	1	0
cami_i_hc	centrifuge	phylum	47.0151	88.7330	100.00	50.00	66.67	2	0	2
cami_i_hc	centrifuge	class	47.0151	88.7330	100.00	40.00	57.14	2	0	3
cami_i_hc	centrifuge	order	47.0151	88.7330	100.00	25.00	40.00	2	0	6
cami_i_hc	centrifuge	family	47.0151	88.7330	100.00	22.22	36.36	2	0	7
cami_i_hc	centrifuge	genus	47.0151	88.7330	100.00	15.38	26.67	2	0	11
cami_i_hc	centrifuge	species	78.1318	95.1776	33.33	7.14	11.76	1	2	13
cami_i_hc	ganon2	superkingdom	46.6105	87.2404	100.00	100.00	100.00	2	0	0
cami_i_hc	ganon2	phylum	46.6944	87.3974	100.00	50.00	66.67	2	0	2
cami_i_hc	ganon2	class	46.6944	87.3974	100.00	40.00	57.14	2	0	3
cami_i_hc	ganon2	order	46.6944	87.3974	100.00	25.00	40.00	2	0	6
cami_i_hc	ganon2	family	46.6944	87.3974	100.00	22.22	36.36	2	0	7
cami_i_hc	ganon2	genus	46.6944	87.3974	100.00	15.38	26.67	2	0	11
cami_i_hc	ganon2	species	47.2932	88.5181	50.00	7.14	12.50	1	1	13
cami_i_hc	hymet	superkingdom	51.4709	34.3139	66.67	100.00	80.00	2	1	0
cami_i_hc	hymet	phylum	9.4549	9.4549	100.00	75.00	85.71	3	0	1
cami_i_hc	hymet	class	35.1626	35.1626	100.00	80.00	88.89	4	0	1
cami_i_hc	hymet	order	35.8073	35.8073	100.00	87.50	93.33	7	0	1
cami_i_hc	hymet	family	39.1561	39.1561	100.00	88.89	94.12	8	0	1
cami_i_hc	hymet	genus	44.3860	44.3860	100.00	76.92	86.96	10	0	3
cami_i_hc	hymet	species	56.4695	56.4694	45.00	64.29	52.94	9	11	5
cami_i_hc	kraken2	superkingdom	44.4779	76.2762	40.00	100.00	57.14	2	3	0
cami_i_hc	kraken2	phylum	43.0970	75.7008	100.00	100.00	100.00	4	0	0
cami_i_hc	kraken2	class	43.0977	75.7029	100.00	100.00	100.00	5	0	0
cami_i_hc	kraken2	order	43.0832	75.6949	100.00	87.50	93.33	7	0	1
cami_i_hc	kraken2	family	43.1026	75.7253	100.00	88.89	94.12	8	0	1
cami_i_hc	kraken2	genus	43.2684	75.8179	90.00	69.23	78.26	9	1	4
cami_i_hc	kraken2	species	43.5472	76.4831	100.00	64.29	78.26	9	0	5
cami_i_hc	metaphlan4	superkingdom	50.0000	77.9925	66.67	100.00	80.00	2	1	0
cami_i_hc	metaphlan4	phylum	42.9457	75.2715	100.00	100.00	100.00	4	0	0
cami_i_hc	metaphlan4	class	45.6804	84.0955	100.00	80.00	88.89	4	0	1
cami_i_hc	metaphlan4	order	45.6804	84.0955	100.00	62.50	76.92	5	0	3
cami_i_hc	metaphlan4	family	43.9110	78.2880	100.00	77.78	87.50	7	0	2
cami_i_hc	metaphlan4	genus	42.9457	75.2715	100.00	100.00	100.00	13	0	0
cami_i_hc	metaphlan4	species	35.8914	55.9851	100.00	100.00	100.00	14	0	0
cami_i_hc	phabox	superkingdom	65.4713	100.0000	0.00	0.00	0.00	0	1	2
cami_i_hc	phabox	phylum	65.4713	100.0000	0.00	0.00	0.00	0	2	4
cami_i_hc	phabox	class	65.4713	100.0000	0.00	0.00	0.00	0	3	5
cami_i_hc	phabox	order	54.9181	100.0000	0.00	0.00	0.00	0	8	8
cami_i_hc	phabox	family	55.8402	100.0000	0.00	0.00	0.00	0	16	9
cami_i_hc	phabox	genus	58.2992	100.0000	0.00	0.00	0.00	0	46	13
cami_i_hc	phabox	species	50.0001	100.0000	0.00	0.00	0.00	0	0	14
cami_i_hc	phyloflash	superkingdom	46.5217	86.9919	100.00	50.00	66.67	1	0	1
cami_i_hc	phyloflash	phylum	50.0000	100.0000	0.00	0.00	0.00	0	0	4
cami_i_hc	phyloflash	class	46.5217	86.9919	100.00	40.00	57.14	2	0	3
cami_i_hc	phyloflash	order	46.0870	85.4839	100.00	12.50	22.22	1	0	7
cami_i_hc	phyloflash	family	44.3478	79.6875	100.00	22.22	36.36	2	0	7
cami_i_hc	phyloflash	genus	47.9369	62.6447	57.14	30.77	40.00	4	3	9
cami_i_hc	phyloflash	species	52.1740	88.2353	50.00	14.29	22.22	2	2	12
cami_i_hc	sourmash_gather	superkingdom	50.0000	77.7778	50.00	50.00	50.00	1	1	1
cami_i_hc	sourmash_gather	phylum	42.8571	75.0000	100.00	25.00	40.00	1	0	3
cami_i_hc	sourmash_gather	class	42.8571	75.0000	100.00	20.00	33.33	1	0	4
cami_i_hc	sourmash_gather	order	48.6658	85.1651	100.00	12.50	22.22	1	0	7
cami_i_hc	sourmash_gather	family	48.6658	85.1651	100.00	11.11	20.00	1	0	8
cami_i_hc	sourmash_gather	genus	48.6658	85.1651	100.00	7.69	14.29	1	0	12
cami_i_hc	sourmash_gather	species	48.6658	85.1651	100.00	7.14	13.33	1	0	13
cami_i_hc	tama	superkingdom	50.0000	77.7778	50.00	50.00	50.00	1	1	1
cami_i_hc	tama	phylum	42.8571	75.0000	100.00	50.00	66.67	2	0	2
cami_i_hc	tama	class	42.8571	75.0000	100.00	60.00	75.00	3	0	2
cami_i_hc	tama	order	42.8575	75.0005	100.00	37.50	54.55	3	0	5
cami_i_hc	tama	family	42.8574	75.0005	100.00	44.44	61.54	4	0	5
cami_i_hc	tama	genus	42.8581	75.0015	100.00	46.15	63.16	6	0	7
cami_i_hc	tama	species	42.8748	75.0309	100.00	42.86	60.00	6	0	8
cami_i_hc	viwrap	superkingdom	74.5787	100.0000	0.00	0.00	0.00	0	1	2
cami_i_hc	viwrap	phylum	74.5787	100.0000	0.00	0.00	0.00	0	2	4
cami_i_hc	viwrap	class	74.5787	100.0000	0.00	0.00	0.00	0	2	5
cami_i_hc	viwrap	order	50.2809	100.0000	0.00	0.00	0.00	0	2	8
cami_i_hc	viwrap	family	50.5618	100.0000	0.00	0.00	0.00	0	4	9
cami_i_hc	viwrap	genus	50.0001	100.0000	0.00	0.00	0.00	0	0	13
cami_i_hc	viwrap	species	50.0001	100.0000	0.00	0.00	0.00	0	0	14
cami_i_lc	basta	superkingdom	49.7257	98.9086	100.00	50.00	66.67	1	0	1
cami_i_lc	basta	phylum	49.7257	98.9086	100.00	50.00	66.67	1	0	1
cami_i_lc	basta	class	49.0398	96.2315	100.00	50.00	66.67	1	0	1
cami_i_lc	basta	order	39.3005	64.4545	50.00	33.33	40.00	1	1	2
cami_i_lc	basta	family	44.6829	78.6806	40.00	40.00	40.00	2	3	3
cami_i_lc	basta	genus	52.2634	100.0000	0.00	0.00	0.00	0	3	8
cami_i_lc	basta	species	78.7380	100.0000	0.00	0.00	0.00	0	1	8
cami_i_lc	camitax	superkingdom	50.0000	66.6667	50.00	50.00	50.00	1	1	1
cami_i_lc	camitax	phylum	37.5000	60.0000	100.00	50.00	66.67	1	0	1
cami_i_lc	camitax	class	37.5000	60.0000	100.00	50.00	66.67	1	0	1
cami_i_lc	camitax	order	39.0209	62.4335	100.00	33.33	50.00	1	0	2
cami_i_lc	camitax	family	50.0001	100.0000	0.00	0.00	0.00	0	0	5
cami_i_lc	camitax	genus	50.0001	100.0000	0.00	0.00	0.00	0	0	8
cami_i_lc	camitax	species	50.0001	100.0000	0.00	0.00	0.00	0	0	8
cami_i_lc	centrifuge	superkingdom	50.0000	77.7778	50.00	50.00	50.00	1	1	1
cami_i_lc	centrifuge	phylum	42.8571	75.0000	100.00	50.00	66.67	1	0	1
cami_i_lc	centrifuge	class	42.8949	75.0660	100.00	50.00	66.67	1	0	1
cami_i_lc	centrifuge	order	42.8949	75.0660	100.00	33.33	50.00	1	0	2
cami_i_lc	centrifuge	family	46.5445	81.4528	100.00	20.00	33.33	1	0	4
cami_i_lc	centrifuge	genus	57.1429	100.0000	0.00	0.00	0.00	0	1	8
cami_i_lc	centrifuge	species	57.1429	100.0000	0.00	0.00	0.00	0	1	8
cami_i_lc	ganon2	superkingdom	48.7475	95.0577	100.00	100.00	100.00	2	0	0
cami_i_lc	ganon2	phylum	48.7990	95.1582	100.00	100.00	100.00	2	0	0
cami_i_lc	ganon2	class	49.3479	96.2286	50.00	50.00	50.00	1	1	1
cami_i_lc	ganon2	order	49.3480	96.2286	50.00	33.33	40.00	1	1	2
cami_i_lc	ganon2	family	49.3480	96.2286	50.00	20.00	28.57	1	1	4
cami_i_lc	ganon2	genus	51.2820	100.0000	0.00	0.00	0.00	0	2	8
cami_i_lc	ganon2	species	51.2820	100.0000	0.00	0.00	0.00	0	2	8
cami_i_lc	hymet	superkingdom	81.4033	54.2689	66.67	100.00	80.00	2	1	0
cami_i_lc	hymet	phylum	31.4033	31.4033	100.00	100.00	100.00	2	0	0
cami_i_lc	hymet	class	31.4033	31.4033	100.00	100.00	100.00	2	0	0
cami_i_lc	hymet	order	31.4033	31.4033	100.00	100.00	100.00	3	0	0
cami_i_lc	hymet	family	33.5312	33.5312	100.00	100.00	100.00	5	0	0
cami_i_lc	hymet	genus	46.0431	46.0431	85.71	75.00	80.00	6	1	2
cami_i_lc	hymet	species	47.4051	47.4051	50.00	75.00	60.00	6	6	2
cami_i_lc	kraken2	superkingdom	50.8102	80.5175	50.00	100.00	66.67	2	2	0
cami_i_lc	kraken2	phylum	43.8528	78.1033	100.00	100.00	100.00	2	0	0
cami_i_lc	kraken2	class	43.8528	78.1033	100.00	100.00	100.00	2	0	0
cami_i_lc	kraken2	order	43.8529	78.1033	100.00	100.00	100.00	3	0	0
cami_i_lc	kraken2	family	43.8670	78.1174	100.00	80.00	88.89	4	0	1
cami_i_lc	kraken2	genus	44.1012	78.5388	80.00	50.00	61.54	4	1	4
cami_i_lc	kraken2	species	47.3967	84.4160	60.00	37.50	46.15	3	2	5
cami_i_lc	metaphlan4	superkingdom	50.0000	75.8311	66.67	100.00	80.00	2	1	0
cami_i_lc	metaphlan4	phylum	42.0320	72.5089	100.00	100.00	100.00	2	0	0
cami_i_lc	metaphlan4	class	48.3503	93.6119	100.00	50.00	66.67	1	0	1
cami_i_lc	metaphlan4	order	48.3503	93.6119	100.00	33.33	50.00	1	0	2
cami_i_lc	metaphlan4	family	43.1396	75.8692	100.00	80.00	88.89	4	0	1
cami_i_lc	metaphlan4	genus	44.2285	76.2980	87.50	87.50	87.50	7	1	1
cami_i_lc	metaphlan4	species	42.1546	63.9326	75.00	75.00	75.00	6	2	2
cami_i_lc	phabox	superkingdom	67.6718	100.0000	0.00	0.00	0.00	0	1	2
cami_i_lc	phabox	phylum	67.6718	100.0000	0.00	0.00	0.00	0	2	2
cami_i_lc	phabox	class	67.6336	100.0000	0.00	0.00	0.00	0	2	2
cami_i_lc	phabox	order	53.5115	100.0000	0.00	0.00	0.00	0	3	3
cami_i_lc	phabox	family	54.4275	100.0000	0.00	0.00	0.00	0	8	5
cami_i_lc	phabox	genus	56.7558	100.0000	0.00	0.00	0.00	0	25	8
cami_i_lc	phabox	species	50.0000	100.0000	0.00	0.00	0.00	0	0	8
cami_i_lc	phyloflash	superkingdom	43.9655	78.4615	100.00	50.00	66.67	1	0	1
cami_i_lc	phyloflash	phylum	50.0000	100.0000	0.00	0.00	0.00	0	0	2
cami_i_lc	phyloflash	class	50.0000	100.0000	0.00	0.00	0.00	0	0	2
cami_i_lc	phyloflash	order	43.9656	78.4616	100.00	33.33	50.00	1	0	2
cami_i_lc	phyloflash	family	45.6897	84.1270	100.00	40.00	57.14	2	0	3
cami_i_lc	phyloflash	genus	41.2687	48.3552	62.50	62.50	62.50	5	3	3
cami_i_lc	phyloflash	species	54.3104	100.0000	0.00	0.00	0.00	0	3	8
cami_i_lc	sourmash_gather	superkingdom	50.0000	77.7778	50.00	50.00	50.00	1	1	1
cami_i_lc	sourmash_gather	phylum	42.8571	75.0000	100.00	50.00	66.67	1	0	1
cami_i_lc	sourmash_gather	class	57.1429	100.0000	0.00	0.00	0.00	0	1	2
cami_i_lc	sourmash_gather	order	57.1429	100.0000	0.00	0.00	0.00	0	1	3
cami_i_lc	sourmash_gather	family	57.1429	100.0000	0.00	0.00	0.00	0	1	5
cami_i_lc	sourmash_gather	genus	57.1429	100.0000	0.00	0.00	0.00	0	1	8
cami_i_lc	sourmash_gather	species	57.1429	100.0000	0.00	0.00	0.00	0	1	8
cami_i_lc	tama	superkingdom	50.0000	77.7778	66.67	100.00	80.00	2	1	0
cami_i_lc	tama	phylum	42.8571	75.0000	100.00	100.00	100.00	2	0	0
cami_i_lc	tama	class	42.8571	75.0000	100.00	100.00	100.00	2	0	0
cami_i_lc	tama	order	42.8572	75.0000	100.00	66.67	80.00	2	0	1
cami_i_lc	tama	family	42.8572	75.0000	100.00	40.00	57.14	2	0	3
cami_i_lc	tama	genus	42.8572	75.0000	100.00	25.00	40.00	2	0	6
cami_i_lc	tama	species	42.8572	75.0000	100.00	25.00	40.00	2	0	6
cami_i_lc	viwrap	superkingdom	74.5968	100.0000	0.00	0.00	0.00	0	1	2
cami_i_lc	viwrap	phylum	74.5968	100.0000	0.00	0.00	0.00	0	2	2
cami_i_lc	viwrap	class	74.5968	100.0000	0.00	0.00	0.00	0	2	2
cami_i_lc	viwrap	order	50.4033	100.0000	0.00	0.00	0.00	0	1	3
cami_i_lc	viwrap	family	50.4033	100.0000	0.00	0.00	0.00	0	1	5
cami_i_lc	viwrap	genus	50.0000	100.0000	0.00	0.00	0.00	0	0	8
cami_i_lc	viwrap	species	50.0001	100.0000	0.00	0.00	0.00	0	0	8
cami_i_mc	basta	superkingdom	48.9529	95.8974	100.00	33.33	50.00	1	0	2
cami_i_mc	basta	phylum	48.9529	95.8974	100.00	33.33	50.00	1	0	2
cami_i_mc	basta	class	48.2548	93.2546	100.00	50.00	66.67	2	0	2
cami_i_mc	basta	order	48.2548	93.2546	100.00	50.00	66.67	3	0	3
cami_i_mc	basta	family	45.2880	81.7323	40.00	33.33	36.36	2	3	4
cami_i_mc	basta	genus	46.9458	87.6221	40.00	25.00	30.77	2	3	6
cami_i_mc	basta	species	78.4718	90.7455	33.33	8.33	13.33	1	2	11
cami_i_mc	camitax	superkingdom	50.0000	66.6667	50.00	33.33	40.00	1	1	2
cami_i_mc	camitax	phylum	37.5000	60.0000	100.00	33.33	50.00	1	0	2
cami_i_mc	camitax	class	37.5001	60.0000	100.00	25.00	40.00	1	0	3
cami_i_mc	camitax	order	46.2410	73.9856	100.00	16.67	28.57	1	0	5
cami_i_mc	camitax	family	50.0001	100.0000	0.00	0.00	0.00	0	0	6
cami_i_mc	camitax	genus	50.0000	100.0000	0.00	0.00	0.00	0	0	8
cami_i_mc	camitax	species	49.9999	100.0000	0.00	0.00	0.00	0	0	12
cami_i_mc	centrifuge	superkingdom	50.0000	77.7778	66.67	66.67	66.67	2	1	1
cami_i_mc	centrifuge	phylum	42.8571	75.0000	100.00	66.67	80.00	2	0	1
cami_i_mc	centrifuge	class	42.8572	75.0000	100.00	50.00	66.67	2	0	2
cami_i_mc	centrifuge	order	43.2978	75.7711	100.00	33.33	50.00	2	0	4
cami_i_mc	centrifuge	family	49.1401	85.9951	50.00	16.67	25.00	1	1	5
cami_i_mc	centrifuge	genus	49.1400	85.9951	50.00	12.50	20.00	1	1	7
cami_i_mc	centrifuge	species	49.1400	85.9951	50.00	8.33	14.29	1	1	11
cami_i_mc	ganon2	superkingdom	49.4109	97.6055	100.00	66.67	80.00	2	0	1
cami_i_mc	ganon2	phylum	49.4762	97.7345	100.00	66.67	80.00	2	0	1
cami_i_mc	ganon2	class	49.4763	97.7345	100.00	50.00	66.67	2	0	2
cami_i_mc	ganon2	order	49.4763	97.7345	100.00	33.33	50.00	2	0	4
cami_i_mc	ganon2	family	49.8113	98.3962	50.00	16.67	25.00	1	1	5
cami_i_mc	ganon2	genus	49.8112	98.3962	50.00	12.50	20.00	1	1	7
cami_i_mc	ganon2	species	49.8140	98.3963	50.00	8.33	14.29	1	1	11
cami_i_mc	hymet	superkingdom	78.4291	52.2861	66.67	66.67	66.67	2	1	1
cami_i_mc	hymet	phylum	28.4291	28.4291	100.00	66.67	80.00	2	0	1
cami_i_mc	hymet	class	49.9149	49.9149	100.00	75.00	85.71	3	0	1
cami_i_mc	hymet	order	55.9404	55.9404	100.00	66.67	80.00	4	0	2
cami_i_mc	hymet	family	55.9404	55.9404	100.00	66.67	80.00	4	0	2
cami_i_mc	hymet	genus	61.5709	61.5709	100.00	62.50	76.92	5	0	3
cami_i_mc	hymet	species	69.3341	69.3342	83.33	41.67	55.56	5	1	7
cami_i_mc	kraken2	superkingdom	43.5890	75.5552	50.00	66.67	57.14	2	2	1
cami_i_mc	kraken2	phylum	42.9487	75.2809	100.00	66.67	80.00	2	0	1
cami_i_mc	kraken2	class	42.9488	75.2809	100.00	75.00	85.71	3	0	1
cami_i_mc	kraken2	order	42.9495	75.2831	100.00	66.67	80.00	4	0	2
cami_i_mc	kraken2	family	45.3977	79.5744	75.00	50.00	60.00	3	1	3
cami_i_mc	kraken2	genus	45.4110	79.5909	83.33	62.50	71.43	5	1	3
cami_i_mc	kraken2	species	48.8598	85.6451	66.67	33.33	44.44	4	2	8
cami_i_mc	metaphlan4	superkingdom	50.0000	77.2172	66.67	66.67	66.67	2	1	1
cami_i_mc	metaphlan4	phylum	42.6238	74.2882	100.00	66.67	80.00	2	0	1
cami_i_mc	metaphlan4	class	46.5220	86.9926	100.00	50.00	66.67	2	0	2
cami_i_mc	metaphlan4	order	46.5220	86.9926	100.00	50.00	66.67	3	0	3
cami_i_mc	metaphlan4	family	43.8373	78.0539	100.00	66.67	80.00	4	0	2
cami_i_mc	metaphlan4	genus	46.4985	81.0415	70.00	87.50	77.78	7	3	1
cami_i_mc	metaphlan4	species	41.9472	64.7809	75.00	75.00	75.00	9	3	3
cami_i_mc	phabox	superkingdom	66.4673	100.0000	0.00	0.00	0.00	0	1	3
cami_i_mc	phabox	phylum	66.4673	100.0000	0.00	0.00	0.00	0	2	3
cami_i_mc	phabox	class	66.4247	100.0000	0.00	0.00	0.00	0	2	4
cami_i_mc	phabox	order	54.6135	100.0000	0.00	0.00	0.00	0	6	6
cami_i_mc	phabox	family	55.6387	100.0000	0.00	0.00	0.00	0	14	6
cami_i_mc	phabox	genus	56.8560	100.0000	0.00	0.00	0.00	0	27	8
cami_i_mc	phabox	species	49.9999	100.0000	0.00	0.00	0.00	0	0	12
cami_i_mc	phyloflash	superkingdom	44.8113	81.1966	100.00	33.33	50.00	1	0	2
cami_i_mc	phyloflash	phylum	50.0000	100.0000	0.00	0.00	0.00	0	0	3
cami_i_mc	phyloflash	class	50.0001	100.0000	0.00	0.00	0.00	0	0	4
cami_i_mc	phyloflash	order	50.0001	100.0000	0.00	0.00	0.00	0	0	6
cami_i_mc	phyloflash	family	44.8114	81.1966	100.00	33.33	50.00	2	0	4
cami_i_mc	phyloflash	genus	37.6127	47.7478	62.50	62.50	62.50	5	3	3
cami_i_mc	phyloflash	species	50.0160	77.3971	66.67	33.33	44.44	4	2	8
cami_i_mc	sourmash_gather	superkingdom	50.0000	77.7778	50.00	33.33	40.00	1	1	2
cami_i_mc	sourmash_gather	phylum	42.8571	75.0000	100.00	33.33	50.00	1	0	2
cami_i_mc	sourmash_gather	class	42.8572	75.0000	100.00	25.00	40.00	1	0	3
cami_i_mc	sourmash_gather	order	49.1401	85.9951	100.00	16.67	28.57	1	0	5
cami_i_mc	sourmash_gather	family	49.1401	85.9951	100.00	16.67	28.57	1	0	5
cami_i_mc	sourmash_gather	genus	49.1400	85.9951	100.00	12.50	22.22	1	0	7
cami_i_mc	sourmash_gather	species	49.1400	85.9951	100.00	8.33	15.38	1	0	11
cami_i_mc	tama	superkingdom	50.0000	77.7778	66.67	66.67	66.67	2	1	1
cami_i_mc	tama	phylum	42.8571	75.0000	100.00	66.67	80.00	2	0	1
cami_i_mc	tama	class	42.8572	75.0000	100.00	75.00	85.71	3	0	1
cami_i_mc	tama	order	42.8572	75.0000	100.00	83.33	90.91	5	0	1
cami_i_mc	tama	family	44.7693	78.3461	80.00	66.67	72.73	4	1	2
cami_i_mc	tama	genus	44.7692	78.3461	83.33	62.50	71.43	5	1	3
cami_i_mc	tama	species	46.0387	80.5678	71.43	41.67	52.63	5	2	7
cami_i_mc	viwrap	superkingdom	74.1770	100.0000	0.00	0.00	0.00	0	1	3
cami_i_mc	viwrap	phylum	74.1770	100.0000	0.00	0.00	0.00	0	3	3
cami_i_mc	viwrap	class	74.1770	100.0000	0.00	0.00	0.00	0	3	4
cami_i_mc	viwrap	order	50.6173	100.0000	0.00	0.00	0.00	0	4	6
cami_i_mc	viwrap	family	51.0289	100.0000	0.00	0.00	0.00	0	7	6
cami_i_mc	viwrap	genus	49.9999	100.0000	0.00	0.00	0.00	0	0	8
cami_i_mc	viwrap	species	49.9999	100.0000	0.00	0.00	0.00	0	0	12
cami_ii_marine	basta	superkingdom	49.4240	97.7221	100.00	100.00	100.00	2	0	0
cami_ii_marine	basta	phylum	49.4240	97.7221	100.00	100.00	100.00	2	0	0
cami_ii_marine	basta	class	48.0414	92.4612	100.00	50.00	66.67	2	0	2
cami_ii_marine	basta	order	47.8110	91.6115	100.00	20.00	33.33	1	0	4
cami_ii_marine	basta	family	41.3594	69.7087	66.67	40.00	50.00	2	1	3
cami_ii_marine	basta	genus	47.6615	80.9595	50.00	20.00	28.57	2	2	8
cami_ii_marine	basta	species	77.0736	100.0000	0.00	0.00	0.00	0	3	11
cami_ii_marine	camitax	superkingdom	50.0000	50.0000	50.00	50.00	50.00	1	1	1
cami_ii_marine	camitax	phylum	25.0000	33.3333	100.00	50.00	66.67	1	0	1
cami_ii_marine	camitax	class	49.9999	100.0000	0.00	0.00	0.00	0	0	4
cami_ii_marine	camitax	order	49.9999	100.0000	0.00	0.00	0.00	0	0	5
cami_ii_marine	camitax	family	49.9999	100.0000	0.00	0.00	0.00	0	0	5
cami_ii_marine	camitax	genus	49.9999	100.0000	0.00	0.00	0.00	0	0	10
cami_ii_marine	camitax	species	49.9999	100.0000	0.00	0.00	0.00	0	0	11
cami_ii_marine	centrifuge	superkingdom	100.0000	100.0000	0.00	0.00	0.00	0	2	2
cami_ii_marine	centrifuge	phylum	99.5622	99.5622	50.00	50.00	50.00	1	1	1
cami_ii_marine	centrifuge	class	99.5621	99.5622	50.00	25.00	33.33	1	1	3
cami_ii_marine	centrifuge	order	99.9411	99.9412	0.00	0.00	0.00	0	2	5
cami_ii_marine	centrifuge	family	99.9999	100.0000	0.00	0.00	0.00	0	2	5
cami_ii_marine	centrifuge	genus	99.9999	100.0000	0.00	0.00	0.00	0	2	10
cami_ii_marine	centrifuge	species	99.9999	100.0000	0.00	0.00	0.00	0	2	11
cami_ii_marine	ganon2	superkingdom	49.4512	97.7484	100.00	100.00	100.00	2	0	0
cami_ii_marine	ganon2	phylum	49.5427	97.9292	100.00	100.00	100.00	2	0	0
cami_ii_marine	ganon2	class	49.5427	97.9292	100.00	50.00	66.67	2	0	2
cami_ii_marine	ganon2	order	50.4295	99.6823	50.00	20.00	28.57	1	1	4
cami_ii_marine	ganon2	family	50.5903	100.0000	0.00	0.00	0.00	0	2	5
cami_ii_marine	ganon2	genus	50.5902	100.0000	0.00	0.00	0.00	0	2	10
cami_ii_marine	ganon2	species	50.5902	100.0000	0.00	0.00	0.00	0	2	11
cami_ii_marine	hymet	superkingdom	51.4101	34.2734	66.67	100.00	80.00	2	1	0
cami_ii_marine	hymet	phylum	1.4101	1.4101	100.00	100.00	100.00	2	0	0
cami_ii_marine	hymet	class	3.8163	3.8163	100.00	100.00	100.00	4	0	0
cami_ii_marine	hymet	order	6.8858	6.8858	100.00	100.00	100.00	5	0	0
cami_ii_marine	hymet	family	6.8858	6.8858	100.00	100.00	100.00	5	0	0
cami_ii_marine	hymet	genus	16.0330	16.0330	90.00	90.00	90.00	9	1	1
cami_ii_marine	hymet	species	18.2772	18.2772	75.00	81.82	78.26	9	3	2
cami_ii_marine	kraken2	superkingdom	45.0093	76.6065	50.00	100.00	66.67	2	2	0
cami_ii_marine	kraken2	phylum	43.1277	75.8326	100.00	100.00	100.00	2	0	0
cami_ii_marine	kraken2	class	43.1284	75.8347	100.00	100.00	100.00	4	0	0
cami_ii_marine	kraken2	order	43.1284	75.8347	100.00	80.00	88.89	4	0	1
cami_ii_marine	kraken2	family	43.1730	75.9068	100.00	80.00	88.89	4	0	1
cami_ii_marine	kraken2	genus	44.7447	78.6635	87.50	70.00	77.78	7	1	3
cami_ii_marine	kraken2	species	46.3445	81.4879	71.43	45.45	55.56	5	2	6
cami_ii_marine	metaphlan4	superkingdom	50.0000	77.8009	66.67	100.00	80.00	2	1	0
cami_ii_marine	metaphlan4	phylum	42.8667	75.0293	100.00	100.00	100.00	2	0	0
cami_ii_marine	metaphlan4	class	45.8285	84.5990	100.00	50.00	66.67	2	0	2
cami_ii_marine	metaphlan4	order	45.8285	84.5990	100.00	40.00	57.14	2	0	3
cami_ii_marine	metaphlan4	family	44.0094	78.6014	100.00	80.00	88.89	4	0	1
cami_ii_marine	metaphlan4	genus	45.5456	79.7183	72.73	80.00	76.19	8	3	2
cami_ii_marine	metaphlan4	species	38.3807	59.7212	81.82	81.82	81.82	9	2	2
cami_ii_marine	phabox	superkingdom	50.0000	100.0000	0.00	0.00	0.00	0	0	2
cami_ii_marine	phabox	phylum	50.0000	100.0000	0.00	0.00	0.00	0	0	2
cami_ii_marine	phabox	class	49.9999	100.0000	0.00	0.00	0.00	0	0	4
cami_ii_marine	phabox	order	49.9999	100.0000	0.00	0.00	0.00	0	0	5
cami_ii_marine	phabox	family	49.9999	100.0000	0.00	0.00	0.00	0	0	5
cami_ii_marine	phabox	genus	49.9999	100.0000	0.00	0.00	0.00	0	0	10
cami_ii_marine	phabox	species	49.9999	100.0000	0.00	0.00	0.00	0	0	11
cami_ii_marine	phyloflash	superkingdom	8.0872	8.0872	100.00	50.00	66.67	1	0	1
cami_ii_marine	phyloflash	phylum	50.0000	100.0000	0.00	0.00	0.00	0	0	2
cami_ii_marine	phyloflash	class	49.9999	100.0000	0.00	0.00	0.00	0	0	4
cami_ii_marine	phyloflash	order	49.9999	100.0000	0.00	0.00	0.00	0	0	5
cami_ii_marine	phyloflash	family	49.9999	100.0000	0.00	0.00	0.00	0	0	5
cami_ii_marine	phyloflash	genus	80.4282	80.4283	100.00	20.00	33.33	2	0	8
cami_ii_marine	phyloflash	species	49.9999	100.0000	0.00	0.00	0.00	0	0	11
cami_ii_marine	sourmash_gather	superkingdom	50.0000	77.7778	50.00	50.00	50.00	1	1	1
cami_ii_marine	sourmash_gather	phylum	42.8571	75.0000	100.00	50.00	66.67	1	0	1
cami_ii_marine	sourmash_gather	class	42.8571	75.0000	100.00	25.00	40.00	1	0	3
cami_ii_marine	sourmash_gather	order	57.1428	100.0000	0.00	0.00	0.00	0	1	5
cami_ii_marine	sourmash_gather	family	57.1428	100.0000	0.00	0.00	0.00	0	1	5
cami_ii_marine	sourmash_gather	genus	57.1428	100.0000	0.00	0.00	0.00	0	1	10
cami_ii_marine	sourmash_gather	species	57.1428	100.0000	0.00	0.00	0.00	0	1	11
cami_ii_marine	tama	superkingdom	50.0000	77.5004	66.67	100.00	80.00	2	1	0
cami_ii_marine	tama	phylum	42.7428	74.6495	100.00	100.00	100.00	2	0	0
cami_ii_marine	tama	class	42.7427	74.6495	100.00	100.00	100.00	4	0	0
cami_ii_marine	tama	order	42.7427	74.6495	100.00	100.00	100.00	5	0	0
cami_ii_marine	tama	family	42.7460	74.6605	100.00	100.00	100.00	5	0	0
cami_ii_marine	tama	genus	44.7699	79.2999	85.71	60.00	70.59	6	1	4
cami_ii_marine	tama	species	43.9686	76.7906	87.50	63.64	73.68	7	1	4
cami_ii_mousegut	basta	superkingdom	49.8499	99.4016	100.00	50.00	66.67	1	0	1
cami_ii_mousegut	basta	phylum	49.8499	99.4016	100.00	33.33	50.00	1	0	2
cami_ii_mousegut	basta	class	48.8295	95.4252	100.00	66.67	80.00	4	0	2
cami_ii_mousegut	basta	order	47.1489	88.3080	80.00	66.67	72.73	4	1	2
cami_ii_mousegut	basta	family	43.0145	74.0311	57.14	44.44	50.00	4	3	5
cami_ii_mousegut	basta	genus	48.2893	91.9954	50.00	23.08	31.58	3	3	10
cami_ii_mousegut	basta	species	84.3337	99.5748	20.00	7.14	10.53	1	4	13
cami_ii_mousegut	camitax	superkingdom	100.0000	100.0000	0.00	0.00	0.00	0	1	2
cami_ii_mousegut	camitax	phylum	50.0000	100.0000	0.00	0.00	0.00	0	0	3
cami_ii_mousegut	camitax	class	50.0000	100.0000	0.00	0.00	0.00	0	0	6
cami_ii_mousegut	camitax	order	50.0000	100.0000	0.00	0.00	0.00	0	0	6
cami_ii_mousegut	camitax	family	49.9999	100.0000	0.00	0.00	0.00	0	0	9
cami_ii_mousegut	camitax	genus	49.9999	100.0000	0.00	0.00	0.00	0	0	13
cami_ii_mousegut	camitax	species	49.9999	100.0000	0.00	0.00	0.00	0	0	14
cami_ii_mousegut	centrifuge	superkingdom	50.0000	77.7778	50.00	50.00	50.00	1	1	1
cami_ii_mousegut	centrifuge	phylum	42.8571	75.0000	100.00	66.67	80.00	2	0	1
cami_ii_mousegut	centrifuge	class	42.8571	75.0000	100.00	33.33	50.00	2	0	4
cami_ii_mousegut	centrifuge	order	42.8587	75.0027	100.00	33.33	50.00	2	0	4
cami_ii_mousegut	centrifuge	family	42.8586	75.0027	100.00	22.22	36.36	2	0	7
cami_ii_mousegut	centrifuge	genus	42.8586	75.0027	100.00	15.38	26.67	2	0	11
cami_ii_mousegut	centrifuge	species	51.5211	90.1620	50.00	7.14	12.50	1	1	13
cami_ii_mousegut	ganon2	superkingdom	42.3133	73.2909	100.00	100.00	100.00	2	0	0
cami_ii_mousegut	ganon2	phylum	42.3133	73.2909	100.00	100.00	100.00	3	0	0
cami_ii_mousegut	ganon2	class	43.2896	74.9820	100.00	50.00	66.67	3	0	3
cami_ii_mousegut	ganon2	order	44.0473	76.2944	66.67	33.33	44.44	2	1	4
cami_ii_mousegut	ganon2	family	44.0472	76.2944	66.67	22.22	33.33	2	1	7
cami_ii_mousegut	ganon2	genus	44.0472	76.2944	66.67	15.38	25.00	2	1	11
cami_ii_mousegut	ganon2	species	52.1116	90.2626	33.33	7.14	11.76	1	2	13
cami_ii_mousegut	hymet	superkingdom	50.7653	33.8435	66.67	100.00	80.00	2	1	0
cami_ii_mousegut	hymet	phylum	0.7653	0.7653	100.00	100.00	100.00	3	0	0
cami_ii_mousegut	hymet	class	14.9213	14.9213	100.00	83.33	90.91	5	0	1
cami_ii_mousegut	hymet	order	14.9213	14.9213	100.00	83.33	90.91	5	0	1
cami_ii_mousegut	hymet	family	27.1067	27.1068	100.00	77.78	87.50	7	0	2
cami_ii_mousegut	hymet	genus	44.1797	44.1797	88.89	61.54	72.73	8	1	5
cami_ii_mousegut	hymet	species	50.6850	50.6851	77.78	50.00	60.87	7	2	7
cami_ii_mousegut	kraken2	superkingdom	47.4523	78.3333	50.00	100.00	66.67	2	2	0
cami_ii_mousegut	kraken2	phylum	43.4374	76.7954	100.00	100.00	100.00	3	0	0
cami_ii_mousegut	kraken2	class	43.4368	76.7934	100.00	100.00	100.00	6	0	0
cami_ii_mousegut	kraken2	order	43.4512	76.8189	100.00	100.00	100.00	6	0	0
cami_ii_mousegut	kraken2	family	44.0157	77.8170	88.89	88.89	88.89	8	1	1
cami_ii_mousegut	kraken2	genus	45.3542	80.1248	83.33	76.92	80.00	10	2	3
cami_ii_mousegut	kraken2	species	48.1573	85.1360	66.67	57.14	61.54	8	4	6
cami_ii_mousegut	metaphlan4	superkingdom	50.0000	78.7864	66.67	100.00	80.00	2	1	0
cami_ii_mousegut	metaphlan4	phylum	43.2686	76.2694	100.00	100.00	100.00	3	0	0
cami_ii_mousegut	metaphlan4	class	45.1941	82.4620	100.00	66.67	80.00	4	0	2
cami_ii_mousegut	metaphlan4	order	45.1941	82.4620	100.00	66.67	80.00	4	0	2
cami_ii_mousegut	metaphlan4	family	44.5854	78.5904	80.00	88.89	84.21	8	2	1
cami_ii_mousegut	metaphlan4	genus	45.5519	80.2941	78.57	84.62	81.48	11	3	2
cami_ii_mousegut	metaphlan4	species	42.8065	67.4515	64.29	64.29	64.29	9	5	5
cami_ii_mousegut	phabox	superkingdom	67.2018	100.0000	0.00	0.00	0.00	0	1	2
cami_ii_mousegut	phabox	phylum	67.2018	100.0000	0.00	0.00	0.00	0	2	3
cami_ii_mousegut	phabox	class	66.9725	100.0000	0.00	0.00	0.00	0	2	6
cami_ii_mousegut	phabox	order	54.1284	100.0000	0.00	0.00	0.00	0	3	6
cami_ii_mousegut	phabox	family	55.2752	100.0000	0.00	0.00	0.00	0	10	9
cami_ii_mousegut	phabox	genus	56.4220	100.0000	0.00	0.00	0.00	0	20	13
cami_ii_mousegut	phabox	species	49.9999	100.0000	0.00	0.00	0.00	0	0	14
cami_ii_mousegut	phyloflash	superkingdom	44.2308	79.3103	100.00	50.00	66.67	1	0	1
cami_ii_mousegut	phyloflash	phylum	50.0000	100.0000	0.00	0.00	0.00	0	0	3
cami_ii_mousegut	phyloflash	class	44.2308	79.3103	100.00	16.67	28.57	1	0	5
cami_ii_mousegut	phyloflash	order	50.0000	100.0000	0.00	0.00	0.00	0	0	6
cami_ii_mousegut	phyloflash	family	48.0769	92.5926	100.00	11.11	20.00	1	0	8
cami_ii_mousegut	phyloflash	genus	59.5471	72.0106	66.67	30.77	42.11	4	2	9
cami_ii_mousegut	phyloflash	species	51.9230	87.0968	40.00	14.29	21.05	2	3	12
cami_ii_mousegut	sourmash_gather	superkingdom	50.0000	77.7778	50.00	50.00	50.00	1	1	1
cami_ii_mousegut	sourmash_gather	phylum	42.8571	75.0000	100.00	33.33	50.00	1	0	2
cami_ii_mousegut	sourmash_gather	class	42.8571	75.0000	100.00	16.67	28.57	1	0	5
cami_ii_mousegut	sourmash_gather	order	57.1429	100.0000	0.00	0.00	0.00	0	1	6
cami_ii_mousegut	sourmash_gather	family	57.1428	100.0000	0.00	0.00	0.00	0	1	9
cami_ii_mousegut	sourmash_gather	genus	57.1428	100.0000	0.00	0.00	0.00	0	1	13
cami_ii_mousegut	sourmash_gather	species	57.1428	100.0000	0.00	0.00	0.00	0	1	14
cami_ii_mousegut	tama	superkingdom	50.0000	77.7778	66.67	100.00	80.00	2	1	0
cami_ii_mousegut	tama	phylum	42.8571	75.0000	100.00	100.00	100.00	3	0	0
cami_ii_mousegut	tama	class	42.8571	75.0000	100.00	66.67	80.00	4	0	2
cami_ii_mousegut	tama	order	42.8571	75.0000	100.00	66.67	80.00	4	0	2
cami_ii_mousegut	tama	family	42.8571	75.0000	100.00	55.56	71.43	5	0	4
cami_ii_mousegut	tama	genus	45.1645	79.0379	83.33	38.46	52.63	5	1	8
cami_ii_mousegut	tama	species	46.5530	81.4679	66.67	28.57	40.00	4	2	10
cami_ii_strainmadness	basta	superkingdom	49.7845	99.1416	100.00	50.00	66.67	1	0	1
cami_ii_strainmadness	basta	phylum	49.7845	99.1416	100.00	50.00	66.67	1	0	1
cami_ii_strainmadness	basta	class	49.3534	97.4468	100.00	66.67	80.00	2	0	1
cami_ii_strainmadness	basta	order	47.1983	89.3878	100.00	66.67	80.00	2	0	1
cami_ii_strainmadness	basta	family	40.9483	69.3431	100.00	50.00	66.67	2	0	2
cami_ii_strainmadness	basta	genus	37.7020	60.1159	100.00	30.00	46.15	3	0	7
cami_ii_strainmadness	basta	species	74.5690	100.0000	0.00	0.00	0.00	0	1	11
cami_ii_strainmadness	camitax	superkingdom	50.0000	50.0000	50.00	50.00	50.00	1	1	1
cami_ii_strainmadness	camitax	phylum	25.0000	33.3333	100.00	50.00	66.67	1	0	1
cami_ii_strainmadness	camitax	class	50.0000	100.0000	0.00	0.00	0.00	0	0	3
cami_ii_strainmadness	camitax	order	50.0000	100.0000	0.00	0.00	0.00	0	0	3
cami_ii_strainmadness	camitax	family	50.0000	100.0000	0.00	0.00	0.00	0	0	4
cami_ii_strainmadness	camitax	genus	50.0000	100.0000	0.00	0.00	0.00	0	0	10
cami_ii_strainmadness	camitax	species	50.0001	100.0000	0.00	0.00	0.00	0	0	11
cami_ii_strainmadness	centrifuge	superkingdom	50.0000	77.7778	50.00	50.00	50.00	1	1	1
cami_ii_strainmadness	centrifuge	phylum	42.8571	75.0000	100.00	50.00	66.67	1	0	1
cami_ii_strainmadness	centrifuge	class	42.8571	75.0000	100.00	33.33	50.00	1	0	2
cami_ii_strainmadness	centrifuge	order	42.8571	75.0000	100.00	33.33	50.00	1	0	2
cami_ii_strainmadness	centrifuge	family	51.0410	89.3217	100.00	25.00	40.00	1	0	3
cami_ii_strainmadness	centrifuge	genus	51.0410	89.3217	100.00	10.00	18.18	1	0	9
cami_ii_strainmadness	centrifuge	species	57.1429	100.0000	0.00	0.00	0.00	0	1	11
cami_ii_strainmadness	ganon2	superkingdom	49.2471	96.9389	100.00	100.00	100.00	2	0	0
cami_ii_strainmadness	ganon2	phylum	49.3854	97.2110	66.67	100.00	80.00	2	1	0
cami_ii_strainmadness	ganon2	class	49.3854	97.2110	66.67	66.67	66.67	2	1	1
cami_ii_strainmadness	ganon2	order	50.3431	99.0963	33.33	33.33	33.33	1	2	2
cami_ii_strainmadness	ganon2	family	50.3431	99.0963	33.33	25.00	28.57	1	2	3
cami_ii_strainmadness	ganon2	genus	50.3431	99.0963	33.33	10.00	15.38	1	2	9
cami_ii_strainmadness	ganon2	species	50.8023	100.0000	0.00	0.00	0.00	0	3	11
cami_ii_strainmadness	hymet	superkingdom	51.6016	34.4019	66.67	100.00	80.00	2	1	0
cami_ii_strainmadness	hymet	phylum	1.6051	1.6051	100.00	100.00	100.00	2	0	0
cami_ii_strainmadness	hymet	class	12.9887	12.9887	100.00	100.00	100.00	3	0	0
cami_ii_strainmadness	hymet	order	12.9887	12.9887	100.00	100.00	100.00	3	0	0
cami_ii_strainmadness	hymet	family	17.4855	17.4855	100.00	75.00	85.71	3	0	1
cami_ii_strainmadness	hymet	genus	26.7392	26.7392	100.00	50.00	66.67	5	0	5
cami_ii_strainmadness	hymet	species	33.4192	33.4192	46.15	54.55	50.00	6	7	5
cami_ii_strainmadness	kraken2	superkingdom	45.7108	77.1047	50.00	100.00	66.67	2	2	0
cami_ii_strainmadness	kraken2	phylum	43.2133	76.0977	100.00	100.00	100.00	2	0	0
cami_ii_strainmadness	kraken2	class	43.2133	76.0977	100.00	100.00	100.00	3	0	0
cami_ii_strainmadness	kraken2	order	43.2133	76.0977	100.00	100.00	100.00	3	0	0
cami_ii_strainmadness	kraken2	family	43.2188	76.1000	100.00	100.00	100.00	4	0	0
cami_ii_strainmadness	kraken2	genus	43.3280	76.3097	100.00	50.00	66.67	5	0	5
cami_ii_strainmadness	kraken2	species	43.5371	76.6706	100.00	54.55	70.59	6	0	5
cami_ii_strainmadness	metaphlan4	superkingdom	50.0000	78.5813	66.67	100.00	80.00	2	1	0
cami_ii_strainmadness	metaphlan4	phylum	43.1858	76.0124	100.00	100.00	100.00	2	0	0
cami_ii_strainmadness	metaphlan4	class	45.4426	83.2931	100.00	66.67	80.00	2	0	1
cami_ii_strainmadness	metaphlan4	order	45.4426	83.2931	100.00	66.67	80.00	2	0	1
cami_ii_strainmadness	metaphlan4	family	43.1858	76.0124	100.00	75.00	85.71	3	0	1
cami_ii_strainmadness	metaphlan4	genus	46.2779	81.4549	83.33	50.00	62.50	5	1	5
cami_ii_strainmadness	metaphlan4	species	36.3717	57.1626	100.00	63.64	77.78	7	0	4
cami_ii_strainmadness	phabox	superkingdom	50.0000	100.0000	0.00	0.00	0.00	0	0	2
cami_ii_strainmadness	phabox	phylum	50.0000	100.0000	0.00	0.00	0.00	0	0	2
cami_ii_strainmadness	phabox	class	50.0000	100.0000	0.00	0.00	0.00	0	0	3
cami_ii_strainmadness	phabox	order	50.0000	100.0000	0.00	0.00	0.00	0	0	3
cami_ii_strainmadness	phabox	family	50.0000	100.0000	0.00	0.00	0.00	0	0	4
cami_ii_strainmadness	phabox	genus	50.0000	100.0000	0.00	0.00	0.00	0	0	10
cami_ii_strainmadness	phabox	species	50.0000	100.0000	0.00	0.00	0.00	0	0	11
cami_ii_strainmadness	phyloflash	superkingdom	41.6667	71.4286	100.00	50.00	66.67	1	0	1
cami_ii_strainmadness	phyloflash	phylum	50.0000	100.0000	0.00	0.00	0.00	0	0	2
cami_ii_strainmadness	phyloflash	class	50.0000	100.0000	0.00	0.00	0.00	0	0	3
cami_ii_strainmadness	phyloflash	order	50.0000	100.0000	0.00	0.00	0.00	0	0	3
cami_ii_strainmadness	phyloflash	family	41.6667	71.4286	100.00	25.00	40.00	1	0	3
cami_ii_strainmadness	phyloflash	genus	37.6301	50.1735	100.00	20.00	33.33	2	0	8
cami_ii_strainmadness	phyloflash	species	66.6667	100.0000	0.00	0.00	0.00	0	1	11
cami_ii_strainmadness	sourmash_gather	superkingdom	50.0000	77.7778	50.00	50.00	50.00	1	1	1
cami_ii_strainmadness	sourmash_gather	phylum	42.8571	75.0000	100.00	50.00	66.67	1	0	1
cami_ii_strainmadness	sourmash_gather	class	42.8571	75.0000	100.00	33.33	50.00	1	0	2
cami_ii_strainmadness	sourmash_gather	order	57.1429	100.0000	0.00	0.00	0.00	0	1	3
cami_ii_strainmadness	sourmash_gather	family	57.1429	100.0000	0.00	0.00	0.00	0	1	4
cami_ii_strainmadness	sourmash_gather	genus	57.1429	100.0000	0.00	0.00	0.00	0	1	10
cami_ii_strainmadness	sourmash_gather	species	57.1429	100.0000	0.00	0.00	0.00	0	1	11
cami_ii_strainmadness	tama	superkingdom	50.0000	77.7778	66.67	100.00	80.00	2	1	0
cami_ii_strainmadness	tama	phylum	42.8595	75.0042	100.00	100.00	100.00	2	0	0
cami_ii_strainmadness	tama	class	42.8595	75.0042	100.00	66.67	80.00	2	0	1
cami_ii_strainmadness	tama	order	42.8595	75.0042	100.00	66.67	80.00	2	0	1
cami_ii_strainmadness	tama	family	42.8617	75.0080	100.00	50.00	66.67	2	0	2
cami_ii_strainmadness	tama	genus	42.8667	75.0167	100.00	30.00	46.15	3	0	7
cami_ii_strainmadness	tama	species	42.8667	75.0167	100.00	36.36	53.33	4	0	7
cami_sample_0	basta	superkingdom	49.6272	98.5199	100.00	100.00	100.00	1	0	0
cami_sample_0	basta	phylum	49.6272	98.5199	100.00	33.33	50.00	1	0	2
cami_sample_0	basta	class	49.1692	96.2231	66.67	40.00	50.00	2	1	3
cami_sample_0	basta	order	50.8913	95.4682	60.00	50.00	54.55	3	2	3
cami_sample_0	basta	family	49.1050	88.0741	75.00	30.00	42.86	3	1	7
cami_sample_0	basta	genus	49.2461	93.9166	42.86	25.00	31.58	3	4	9
cami_sample_0	basta	species	85.5978	99.2606	16.67	4.76	7.41	1	5	20
cami_sample_0	camitax	superkingdom	25.0000	33.3333	100.00	100.00	100.00	1	0	0
cami_sample_0	camitax	phylum	25.0000	33.3333	100.00	33.33	50.00	1	0	2
cami_sample_0	camitax	class	49.9999	100.0000	0.00	0.00	0.00	0	0	5
cami_sample_0	camitax	order	49.9999	100.0000	0.00	0.00	0.00	0	0	6
cami_sample_0	camitax	family	50.0000	100.0000	0.00	0.00	0.00	0	0	10
cami_sample_0	camitax	genus	49.2052	100.0000	0.00	0.00	0.00	0	0	12
cami_sample_0	camitax	species	49.9995	100.0000	0.00	0.00	0.00	0	0	21
cami_sample_0	centrifuge	superkingdom	43.0283	75.5258	100.00	100.00	100.00	1	0	0
cami_sample_0	centrifuge	phylum	56.1767	98.6047	66.67	66.67	66.67	2	1	1
cami_sample_0	centrifuge	class	56.1955	98.6377	66.67	40.00	50.00	2	1	3
cami_sample_0	centrifuge	order	56.1954	98.6377	66.67	33.33	44.44	2	1	4
cami_sample_0	centrifuge	family	56.6266	99.3944	66.67	20.00	30.77	2	1	8
cami_sample_0	centrifuge	genus	55.8319	99.3858	66.67	16.67	26.67	2	1	10
cami_sample_0	centrifuge	species	57.9410	99.6074	25.00	4.76	8.00	1	3	20
cami_sample_0	ganon2	superkingdom	46.9306	88.3656	100.00	100.00	100.00	1	0	0
cami_sample_0	ganon2	phylum	50.4879	95.0639	66.67	66.67	66.67	2	1	1
cami_sample_0	ganon2	class	50.5067	95.0993	66.67	40.00	50.00	2	1	3
cami_sample_0	ganon2	order	51.9661	97.8473	66.67	33.33	44.44	2	1	4
cami_sample_0	ganon2	family	52.3973	98.6590	66.67	20.00	30.77	2	1	8
cami_sample_0	ganon2	genus	51.6026	98.6386	66.67	16.67	26.67	2	1	10
cami_sample_0	ganon2	species	52.5140	98.8787	33.33	4.76	8.33	1	2	20
cami_sample_0	hymet	superkingdom	0.0108	0.0108	100.00	100.00	100.00	1	0	0
cami_sample_0	hymet	phylum	5.8459	5.8459	100.00	100.00	100.00	3	0	0
cami_sample_0	hymet	class	50.2478	50.2478	100.00	80.00	88.89	4	0	1
cami_sample_0	hymet	order	57.3167	57.3168	83.33	83.33	83.33	5	1	1
cami_sample_0	hymet	family	58.5163	58.5163	85.71	60.00	70.59	6	1	4
cami_sample_0	hymet	genus	83.2144	83.8810	61.54	66.67	64.00	8	5	4
cami_sample_0	hymet	species	86.8937	86.8941	60.87	66.67	63.64	14	9	7
cami_sample_0	kraken2	superkingdom	52.9345	79.7619	16.67	100.00	28.57	1	5	0
cami_sample_0	kraken2	phylum	46.3606	81.7384	50.00	66.67	57.14	2	2	1
cami_sample_0	kraken2	class	46.7595	82.4408	57.14	80.00	66.67	4	3	1
cami_sample_0	kraken2	order	51.9914	91.6694	50.00	83.33	62.50	5	5	1
cami_sample_0	kraken2	family	48.1308	84.8595	47.06	80.00	59.26	8	9	2
cami_sample_0	kraken2	genus	52.1295	93.1452	26.67	66.67	38.10	8	22	4
cami_sample_0	kraken2	species	54.2195	95.5917	21.05	38.10	27.12	8	30	13
cami_sample_0	metaphlan4	superkingdom	42.7607	74.7051	100.00	100.00	100.00	1	0	0
cami_sample_0	metaphlan4	phylum	44.0388	76.9382	60.00	100.00	75.00	3	2	0
cami_sample_0	metaphlan4	class	47.5685	88.5660	75.00	60.00	66.67	3	1	2
cami_sample_0	metaphlan4	order	47.6882	88.7889	80.00	66.67	72.73	4	1	2
cami_sample_0	metaphlan4	family	45.8141	81.2536	64.29	90.00	75.00	9	5	1
cami_sample_0	metaphlan4	genus	50.4759	89.4256	30.56	91.67	45.83	11	25	1
cami_sample_0	metaphlan4	species	54.5066	84.5350	32.14	85.71	46.75	18	38	3
cami_sample_0	phabox	superkingdom	66.8580	100.0000	0.00	0.00	0.00	0	1	1
cami_sample_0	phabox	phylum	66.8580	100.0000	0.00	0.00	0.00	0	2	3
cami_sample_0	phabox	class	66.7877	100.0000	0.00	0.00	0.00	0	2	5
cami_sample_0	phabox	order	54.1822	100.0000	0.00	0.00	0.00	0	4	6
cami_sample_0	phabox	family	55.2366	100.0000	0.00	0.00	0.00	0	11	10
cami_sample_0	phabox	genus	56.1406	100.0000	0.00	0.00	0.00	0	21	12
cami_sample_0	phabox	species	49.9995	100.0000	0.00	0.00	0.00	0	0	21
cami_sample_0	phyloflash	superkingdom	48.2595	93.2722	100.00	100.00	100.00	1	0	0
cami_sample_0	phyloflash	phylum	49.9999	100.0000	0.00	0.00	0.00	0	0	3
cami_sample_0	phyloflash	class	48.2594	93.2722	100.00	40.00	57.14	2	0	3
cami_sample_0	phyloflash	order	49.1211	93.5079	100.00	33.33	50.00	2	0	4
cami_sample_0	phyloflash	family	45.2989	82.5040	100.00	30.00	46.15	3	0	7
cami_sample_0	phyloflash	genus	65.3531	82.7757	52.17	100.00	68.57	12	11	0
cami_sample_0	phyloflash	species	57.7172	95.9936	36.36	19.05	25.00	4	7	17
cami_sample_0	sourmash_gather	superkingdom	42.8571	75.0000	100.00	100.00	100.00	1	0	0
cami_sample_0	sourmash_gather	phylum	42.8571	75.0000	100.00	33.33	50.00	1	0	2
cami_sample_0	sourmash_gather	class	42.8571	75.0000	100.00	20.00	33.33	1	0	4
cami_sample_0	sourmash_gather	order	56.5805	99.0160	100.00	16.67	28.57	1	0	5
cami_sample_0	sourmash_gather	family	56.5806	99.0160	100.00	10.00	18.18	1	0	9
cami_sample_0	sourmash_gather	genus	55.7858	99.0021	100.00	8.33	15.38	1	0	11
cami_sample_0	sourmash_gather	species	56.5801	99.0160	100.00	4.76	9.09	1	0	20
cami_sample_0	tama	superkingdom	42.8417	74.9526	100.00	100.00	100.00	1	0	0
cami_sample_0	tama	phylum	44.8749	78.5098	75.00	100.00	85.71	3	1	0
cami_sample_0	tama	class	45.3440	79.3307	83.33	100.00	90.91	5	1	0
cami_sample_0	tama	order	49.5449	86.6803	75.00	100.00	85.71	6	2	0
cami_sample_0	tama	family	47.7127	83.4747	50.00	70.00	58.33	7	7	3
cami_sample_0	tama	genus	51.7458	91.9839	32.00	66.67	43.24	8	17	4
cami_sample_0	tama	species	52.8261	92.4213	31.03	42.86	36.00	9	20	12
