sample	tool	mode	rank	L1_total_variation_pctpts	BrayCurtis_pct	Precision_%	Recall_%	F1_%	TP	FP	FN
cami_i_hc	centrifuge	contigs	superkingdom	56.7660	89.2326	33.33	50.00	40.00	1	2	1
cami_i_hc	centrifuge	contigs	phylum	53.3412	88.6200	50.00	25.00	33.33	1	1	3
cami_i_hc	centrifuge	contigs	class	53.3412	88.6200	50.00	20.00	28.57	1	1	4
cami_i_hc	centrifuge	contigs	order	46.5752	87.1788	100.00	12.50	22.22	1	0	7
cami_i_hc	centrifuge	contigs	family	46.5751	87.1787	100.00	11.11	20.00	1	0	8
cami_i_hc	centrifuge	contigs	genus	53.3809	90.2424	25.00	7.69	11.76	1	3	12
cami_i_hc	centrifuge	contigs	species	54.4434	90.4512	10.00	7.14	8.33	1	9	13
cami_i_hc	ganon2	contigs	superkingdom	46.6105	87.2404	100.00	100.00	100.00	2	0	0
cami_i_hc	ganon2	contigs	phylum	46.6944	87.3974	100.00	50.00	66.67	2	0	2
cami_i_hc	ganon2	contigs	class	46.6944	87.3974	100.00	40.00	57.14	2	0	3
cami_i_hc	ganon2	contigs	order	46.6944	87.3974	100.00	25.00	40.00	2	0	6
cami_i_hc	ganon2	contigs	family	46.6944	87.3974	100.00	22.22	36.36	2	0	7
cami_i_hc	ganon2	contigs	genus	46.6944	87.3974	100.00	15.38	26.67	2	0	11
cami_i_hc	ganon2	contigs	species	47.2932	88.5181	50.00	7.14	12.50	1	1	13
cami_i_hc	hymet	contigs	superkingdom	55.9207	37.2804	50.00	100.00	66.67	2	2	0
cami_i_hc	hymet	contigs	phylum	6.0338	6.0338	80.00	100.00	88.89	4	1	0
cami_i_hc	hymet	contigs	class	23.0881	23.0881	83.33	100.00	90.91	5	1	0
cami_i_hc	hymet	contigs	order	23.0880	23.0880	100.00	100.00	100.00	8	0	0
cami_i_hc	hymet	contigs	family	23.0881	23.0881	100.00	100.00	100.00	9	0	0
cami_i_hc	hymet	contigs	genus	28.3895	28.3895	100.00	84.62	91.67	11	0	2
cami_i_hc	hymet	contigs	species	43.2538	43.2538	32.35	78.57	45.83	11	23	3
cami_i_hc	kraken2	contigs	superkingdom	44.4779	76.2762	40.00	100.00	57.14	2	3	0
cami_i_hc	kraken2	contigs	phylum	43.0970	75.7008	100.00	100.00	100.00	4	0	0
cami_i_hc	kraken2	contigs	class	43.0977	75.7029	100.00	100.00	100.00	5	0	0
cami_i_hc	kraken2	contigs	order	43.0832	75.6949	100.00	87.50	93.33	7	0	1
cami_i_hc	kraken2	contigs	family	43.1026	75.7253	100.00	88.89	94.12	8	0	1
cami_i_hc	kraken2	contigs	genus	43.2684	75.8179	90.00	69.23	78.26	9	1	4
cami_i_hc	kraken2	contigs	species	43.5472	76.4831	100.00	64.29	78.26	9	0	5
cami_i_hc	megapath_nano	contigs	superkingdom	50.0000	77.7778	66.67	100.00	80.00	2	1	0
cami_i_hc	megapath_nano	contigs	phylum	42.8730	75.0278	100.00	75.00	85.71	3	0	1
cami_i_hc	megapath_nano	contigs	class	42.8767	75.0342	100.00	80.00	88.89	4	0	1
cami_i_hc	megapath_nano	contigs	order	42.8770	75.0347	100.00	75.00	85.71	6	0	2
cami_i_hc	megapath_nano	contigs	family	42.8915	75.0602	100.00	66.67	80.00	6	0	3
cami_i_hc	megapath_nano	contigs	genus	42.9135	75.0986	100.00	61.54	76.19	8	0	5
cami_i_hc	megapath_nano	contigs	species	51.5925	90.2868	30.00	21.43	25.00	3	7	11
cami_i_hc	squeezemeta	contigs	superkingdom	50.0000	100.0000	0.00	0.00	0.00	0	0	2
cami_i_hc	squeezemeta	contigs	phylum	50.0000	100.0000	0.00	0.00	0.00	0	0	4
cami_i_hc	squeezemeta	contigs	class	50.0000	100.0000	0.00	0.00	0.00	0	0	5
cami_i_hc	squeezemeta	contigs	order	50.0001	100.0000	0.00	0.00	0.00	0	0	8
cami_i_hc	squeezemeta	contigs	family	50.0000	100.0000	0.00	0.00	0.00	0	0	9
cami_i_hc	squeezemeta	contigs	genus	50.0001	100.0000	0.00	0.00	0.00	0	0	13
cami_i_hc	squeezemeta	contigs	species	50.0001	100.0000	0.00	0.00	0.00	0	0	14
cami_i_hc	tama	contigs	superkingdom	50.0000	77.7778	50.00	50.00	50.00	1	1	1
cami_i_hc	tama	contigs	phylum	42.8571	75.0000	100.00	50.00	66.67	2	0	2
cami_i_hc	tama	contigs	class	42.8571	75.0000	100.00	60.00	75.00	3	0	2
cami_i_hc	tama	contigs	order	42.8575	75.0005	100.00	37.50	54.55	3	0	5
cami_i_hc	tama	contigs	family	42.8574	75.0005	100.00	44.44	61.54	4	0	5
cami_i_hc	tama	contigs	genus	42.8581	75.0015	100.00	46.15	63.16	6	0	7
cami_i_hc	tama	contigs	species	42.8748	75.0309	100.00	42.86	60.00	6	0	8
cami_i_hc	viwrap	contigs	superkingdom	74.7525	100.0000	0.00	0.00	0.00	0	1	2
cami_i_hc	viwrap	contigs	phylum	74.7525	100.0000	0.00	0.00	0.00	0	2	4
cami_i_hc	viwrap	contigs	class	74.7525	100.0000	0.00	0.00	0.00	0	2	5
cami_i_hc	viwrap	contigs	order	50.1651	100.0000	0.00	0.00	0.00	0	1	8
cami_i_hc	viwrap	contigs	family	50.3300	100.0000	0.00	0.00	0.00	0	2	9
cami_i_hc	viwrap	contigs	genus	50.0001	100.0000	0.00	0.00	0.00	0	0	13
cami_i_hc	viwrap	contigs	species	50.0001	100.0000	0.00	0.00	0.00	0	0	14
cami_i_lc	centrifuge	contigs	superkingdom	61.0428	92.4332	50.00	100.00	66.67	2	2	0
cami_i_lc	centrifuge	contigs	phylum	57.9259	92.0584	66.67	100.00	80.00	2	1	0
cami_i_lc	centrifuge	contigs	class	58.1132	92.3561	50.00	100.00	66.67	2	2	0
cami_i_lc	centrifuge	contigs	order	47.6888	90.8383	66.67	66.67	66.67	2	1	1
cami_i_lc	centrifuge	contigs	family	47.6888	90.8383	66.67	40.00	50.00	2	1	3
cami_i_lc	centrifuge	contigs	genus	52.4986	100.0000	0.00	0.00	0.00	0	4	8
cami_i_lc	centrifuge	contigs	species	63.5414	100.0000	0.00	0.00	0.00	0	8	8
cami_i_lc	ganon2	contigs	superkingdom	48.7475	95.0577	100.00	100.00	100.00	2	0	0
cami_i_lc	ganon2	contigs	phylum	48.7990	95.1582	100.00	100.00	100.00	2	0	0
cami_i_lc	ganon2	contigs	class	49.3479	96.2286	50.00	50.00	50.00	1	1	1
cami_i_lc	ganon2	contigs	order	49.3480	96.2286	50.00	33.33	40.00	1	1	2
cami_i_lc	ganon2	contigs	family	49.3480	96.2286	50.00	20.00	28.57	1	1	4
cami_i_lc	ganon2	contigs	genus	51.2820	100.0000	0.00	0.00	0.00	0	2	8
cami_i_lc	ganon2	contigs	species	51.2820	100.0000	0.00	0.00	0.00	0	2	8
cami_i_lc	hymet	contigs	superkingdom	81.3628	54.2426	66.67	100.00	80.00	2	1	0
cami_i_lc	hymet	contigs	phylum	31.3647	31.3647	100.00	100.00	100.00	2	0	0
cami_i_lc	hymet	contigs	class	31.3647	31.3647	100.00	100.00	100.00	2	0	0
cami_i_lc	hymet	contigs	order	31.3647	31.3647	100.00	100.00	100.00	3	0	0
cami_i_lc	hymet	contigs	family	33.4660	33.4660	100.00	100.00	100.00	5	0	0
cami_i_lc	hymet	contigs	genus	46.0631	46.0631	85.71	75.00	80.00	6	1	2
cami_i_lc	hymet	contigs	species	47.4376	47.4376	50.00	75.00	60.00	6	6	2
cami_i_lc	kraken2	contigs	superkingdom	50.8102	80.5175	50.00	100.00	66.67	2	2	0
cami_i_lc	kraken2	contigs	phylum	43.8528	78.1033	100.00	100.00	100.00	2	0	0
cami_i_lc	kraken2	contigs	class	43.8528	78.1033	100.00	100.00	100.00	2	0	0
cami_i_lc	kraken2	contigs	order	43.8529	78.1033	100.00	100.00	100.00	3	0	0
cami_i_lc	kraken2	contigs	family	43.8670	78.1174	100.00	80.00	88.89	4	0	1
cami_i_lc	kraken2	contigs	genus	44.1012	78.5388	80.00	50.00	61.54	4	1	4
cami_i_lc	kraken2	contigs	species	47.3967	84.4160	60.00	37.50	46.15	3	2	5
cami_i_lc	megapath_nano	contigs	superkingdom	50.0000	77.7778	66.67	100.00	80.00	2	1	0
cami_i_lc	megapath_nano	contigs	phylum	42.8575	75.0006	100.00	100.00	100.00	2	0	0
cami_i_lc	megapath_nano	contigs	class	42.8590	75.0032	100.00	100.00	100.00	2	0	0
cami_i_lc	megapath_nano	contigs	order	42.8597	75.0045	100.00	100.00	100.00	3	0	0
cami_i_lc	megapath_nano	contigs	family	42.8626	75.0094	100.00	80.00	88.89	4	0	1
cami_i_lc	megapath_nano	contigs	genus	42.8889	75.0556	100.00	62.50	76.92	5	0	3
cami_i_lc	megapath_nano	contigs	species	44.1847	77.3232	80.00	50.00	61.54	4	1	4
cami_i_lc	squeezemeta	contigs	superkingdom	50.0000	100.0000	0.00	0.00	0.00	0	0	2
cami_i_lc	squeezemeta	contigs	phylum	50.0000	100.0000	0.00	0.00	0.00	0	0	2
cami_i_lc	squeezemeta	contigs	class	50.0000	100.0000	0.00	0.00	0.00	0	0	2
cami_i_lc	squeezemeta	contigs	order	50.0001	100.0000	0.00	0.00	0.00	0	0	3
cami_i_lc	squeezemeta	contigs	family	50.0000	100.0000	0.00	0.00	0.00	0	0	5
cami_i_lc	squeezemeta	contigs	genus	50.0000	100.0000	0.00	0.00	0.00	0	0	8
cami_i_lc	squeezemeta	contigs	species	50.0000	100.0000	0.00	0.00	0.00	0	0	8
cami_i_lc	tama	contigs	superkingdom	50.0000	77.7778	66.67	100.00	80.00	2	1	0
cami_i_lc	tama	contigs	phylum	42.8571	75.0000	100.00	100.00	100.00	2	0	0
cami_i_lc	tama	contigs	class	42.8571	75.0000	100.00	100.00	100.00	2	0	0
cami_i_lc	tama	contigs	order	42.8572	75.0000	100.00	66.67	80.00	2	0	1
cami_i_lc	tama	contigs	family	42.8572	75.0000	100.00	40.00	57.14	2	0	3
cami_i_lc	tama	contigs	genus	42.8572	75.0000	100.00	25.00	40.00	2	0	6
cami_i_lc	tama	contigs	species	42.8572	75.0000	100.00	25.00	40.00	2	0	6
cami_i_lc	viwrap	contigs	superkingdom	74.5020	100.0000	0.00	0.00	0.00	0	1	2
cami_i_lc	viwrap	contigs	phylum	74.5020	100.0000	0.00	0.00	0.00	0	2	2
cami_i_lc	viwrap	contigs	class	74.5020	100.0000	0.00	0.00	0.00	0	2	2
cami_i_lc	viwrap	contigs	order	50.3985	100.0000	0.00	0.00	0.00	0	1	3
cami_i_lc	viwrap	contigs	family	50.5977	100.0000	0.00	0.00	0.00	0	2	5
cami_i_lc	viwrap	contigs	genus	50.0000	100.0000	0.00	0.00	0.00	0	0	8
cami_i_lc	viwrap	contigs	species	50.0000	100.0000	0.00	0.00	0.00	0	0	8
cami_i_mc	centrifuge	contigs	superkingdom	50.0000	77.7778	66.67	66.67	66.67	2	1	1
cami_i_mc	centrifuge	contigs	phylum	42.8571	75.0000	100.00	66.67	80.00	2	0	1
cami_i_mc	centrifuge	contigs	class	42.8572	75.0000	100.00	75.00	85.71	3	0	1
cami_i_mc	centrifuge	contigs	order	42.8572	75.0000	100.00	50.00	66.67	3	0	3
cami_i_mc	centrifuge	contigs	family	46.3220	81.0635	66.67	33.33	44.44	2	1	4
cami_i_mc	centrifuge	contigs	genus	49.3473	86.3578	50.00	25.00	33.33	2	2	6
cami_i_mc	centrifuge	contigs	species	57.1428	100.0000	0.00	0.00	0.00	0	4	12
cami_i_mc	ganon2	contigs	superkingdom	49.4109	97.6055	100.00	66.67	80.00	2	0	1
cami_i_mc	ganon2	contigs	phylum	49.4762	97.7345	100.00	66.67	80.00	2	0	1
cami_i_mc	ganon2	contigs	class	49.4763	97.7345	100.00	50.00	66.67	2	0	2
cami_i_mc	ganon2	contigs	order	49.4763	97.7345	100.00	33.33	50.00	2	0	4
cami_i_mc	ganon2	contigs	family	49.8113	98.3962	50.00	16.67	25.00	1	1	5
cami_i_mc	ganon2	contigs	genus	49.8112	98.3962	50.00	12.50	20.00	1	1	7
cami_i_mc	ganon2	contigs	species	49.8140	98.3963	50.00	8.33	14.29	1	1	11
cami_i_mc	hymet	contigs	superkingdom	63.2148	42.1432	66.67	66.67	66.67	2	1	1
cami_i_mc	hymet	contigs	phylum	13.2148	13.2148	100.00	66.67	80.00	2	0	1
cami_i_mc	hymet	contigs	class	37.4504	37.4504	100.00	75.00	85.71	3	0	1
cami_i_mc	hymet	contigs	order	37.4504	37.4504	100.00	83.33	90.91	5	0	1
cami_i_mc	hymet	contigs	family	53.7094	53.7094	80.00	66.67	72.73	4	1	2
cami_i_mc	hymet	contigs	genus	61.6601	61.6602	87.50	87.50	87.50	7	1	1
cami_i_mc	hymet	contigs	species	71.5434	71.5435	63.64	58.33	60.87	7	4	5
cami_i_mc	kraken2	contigs	superkingdom	43.5890	75.5552	50.00	66.67	57.14	2	2	1
cami_i_mc	kraken2	contigs	phylum	42.9487	75.2809	100.00	66.67	80.00	2	0	1
cami_i_mc	kraken2	contigs	class	42.9488	75.2809	100.00	75.00	85.71	3	0	1
cami_i_mc	kraken2	contigs	order	42.9495	75.2831	100.00	66.67	80.00	4	0	2
cami_i_mc	kraken2	contigs	family	45.3977	79.5744	75.00	50.00	60.00	3	1	3
cami_i_mc	kraken2	contigs	genus	45.4110	79.5909	83.33	62.50	71.43	5	1	3
cami_i_mc	kraken2	contigs	species	48.8598	85.6451	66.67	33.33	44.44	4	2	8
cami_i_mc	megapath_nano	contigs	superkingdom	50.0000	77.7778	66.67	66.67	66.67	2	1	1
cami_i_mc	megapath_nano	contigs	phylum	42.8699	75.0223	100.00	66.67	80.00	2	0	1
cami_i_mc	megapath_nano	contigs	class	42.8742	75.0297	100.00	75.00	85.71	3	0	1
cami_i_mc	megapath_nano	contigs	order	42.8742	75.0297	100.00	66.67	80.00	4	0	2
cami_i_mc	megapath_nano	contigs	family	42.9013	75.0771	100.00	66.67	80.00	4	0	2
cami_i_mc	megapath_nano	contigs	genus	42.9221	75.1138	100.00	37.50	54.55	3	0	5
cami_i_mc	megapath_nano	contigs	species	49.2810	86.2419	50.00	16.67	25.00	2	2	10
cami_i_mc	squeezemeta	contigs	superkingdom	50.0000	100.0000	0.00	0.00	0.00	0	0	3
cami_i_mc	squeezemeta	contigs	phylum	50.0000	100.0000	0.00	0.00	0.00	0	0	3
cami_i_mc	squeezemeta	contigs	class	50.0001	100.0000	0.00	0.00	0.00	0	0	4
cami_i_mc	squeezemeta	contigs	order	50.0001	100.0000	0.00	0.00	0.00	0	0	6
cami_i_mc	squeezemeta	contigs	family	50.0001	100.0000	0.00	0.00	0.00	0	0	6
cami_i_mc	squeezemeta	contigs	genus	49.9999	100.0000	0.00	0.00	0.00	0	0	8
cami_i_mc	squeezemeta	contigs	species	49.9999	100.0000	0.00	0.00	0.00	0	0	12
cami_i_mc	tama	contigs	superkingdom	50.0000	77.7778	66.67	66.67	66.67	2	1	1
cami_i_mc	tama	contigs	phylum	42.8571	75.0000	100.00	66.67	80.00	2	0	1
cami_i_mc	tama	contigs	class	42.8572	75.0000	100.00	75.00	85.71	3	0	1
cami_i_mc	tama	contigs	order	42.8572	75.0000	100.00	83.33	90.91	5	0	1
cami_i_mc	tama	contigs	family	44.7693	78.3461	80.00	66.67	72.73	4	1	2
cami_i_mc	tama	contigs	genus	44.7692	78.3461	83.33	62.50	71.43	5	1	3
cami_i_mc	tama	contigs	species	46.0387	80.5678	71.43	41.67	52.63	5	2	7
cami_i_mc	viwrap	contigs	superkingdom	74.2138	100.0000	0.00	0.00	0.00	0	1	3
cami_i_mc	viwrap	contigs	phylum	74.2138	100.0000	0.00	0.00	0.00	0	3	3
cami_i_mc	viwrap	contigs	class	74.2139	100.0000	0.00	0.00	0.00	0	3	4
cami_i_mc	viwrap	contigs	order	50.6290	100.0000	0.00	0.00	0.00	0	4	6
cami_i_mc	viwrap	contigs	family	50.9434	100.0000	0.00	0.00	0.00	0	6	6
cami_i_mc	viwrap	contigs	genus	49.9999	100.0000	0.00	0.00	0.00	0	0	8
cami_i_mc	viwrap	contigs	species	49.9999	100.0000	0.00	0.00	0.00	0	0	12
cami_ii_marine	centrifuge	contigs	superkingdom	50.4830	78.4242	33.33	50.00	40.00	1	2	1
cami_ii_marine	centrifuge	contigs	phylum	43.4792	75.7901	50.00	50.00	50.00	1	1	1
cami_ii_marine	centrifuge	contigs	class	43.4792	75.7901	66.67	50.00	57.14	2	1	2
cami_ii_marine	centrifuge	contigs	order	43.0556	75.6100	100.00	40.00	57.14	2	0	3
cami_ii_marine	centrifuge	contigs	family	43.0597	75.6173	100.00	40.00	57.14	2	0	3
cami_ii_marine	centrifuge	contigs	genus	47.5783	83.5523	100.00	10.00	18.18	1	0	9
cami_ii_marine	centrifuge	contigs	species	48.0612	83.6907	25.00	9.09	13.33	1	3	10
cami_ii_marine	ganon2	contigs	superkingdom	49.4512	97.7484	100.00	100.00	100.00	2	0	0
cami_ii_marine	ganon2	contigs	phylum	49.5427	97.9292	100.00	100.00	100.00	2	0	0
cami_ii_marine	ganon2	contigs	class	49.5427	97.9292	100.00	50.00	66.67	2	0	2
cami_ii_marine	ganon2	contigs	order	50.4295	99.6823	50.00	20.00	28.57	1	1	4
cami_ii_marine	ganon2	contigs	family	50.5903	100.0000	0.00	0.00	0.00	0	2	5
cami_ii_marine	ganon2	contigs	genus	50.5902	100.0000	0.00	0.00	0.00	0	2	10
cami_ii_marine	ganon2	contigs	species	50.5902	100.0000	0.00	0.00	0.00	0	2	11
cami_ii_marine	hymet	contigs	superkingdom	51.4519	34.3016	66.67	100.00	80.00	2	1	0
cami_ii_marine	hymet	contigs	phylum	1.4534	1.4534	100.00	100.00	100.00	2	0	0
cami_ii_marine	hymet	contigs	class	3.6772	3.6772	100.00	100.00	100.00	4	0	0
cami_ii_marine	hymet	contigs	order	6.9409	6.9409	100.00	100.00	100.00	5	0	0
cami_ii_marine	hymet	contigs	family	6.9409	6.9409	100.00	100.00	100.00	5	0	0
cami_ii_marine	hymet	contigs	genus	16.1498	16.1498	90.00	90.00	90.00	9	1	1
cami_ii_marine	hymet	contigs	species	18.4221	18.4221	60.00	81.82	69.23	9	6	2
cami_ii_marine	kraken2	contigs	superkingdom	45.0093	76.6065	50.00	100.00	66.67	2	2	0
cami_ii_marine	kraken2	contigs	phylum	43.1277	75.8326	100.00	100.00	100.00	2	0	0
cami_ii_marine	kraken2	contigs	class	43.1284	75.8347	100.00	100.00	100.00	4	0	0
cami_ii_marine	kraken2	contigs	order	43.1284	75.8347	100.00	80.00	88.89	4	0	1
cami_ii_marine	kraken2	contigs	family	43.1730	75.9068	100.00	80.00	88.89	4	0	1
cami_ii_marine	kraken2	contigs	genus	44.7447	78.6635	87.50	70.00	77.78	7	1	3
cami_ii_marine	kraken2	contigs	species	46.3445	81.4879	71.43	45.45	55.56	5	2	6
cami_ii_marine	megapath_nano	contigs	superkingdom	50.0000	77.7778	66.67	100.00	80.00	2	1	0
cami_ii_marine	megapath_nano	contigs	phylum	42.8746	75.0306	100.00	100.00	100.00	2	0	0
cami_ii_marine	megapath_nano	contigs	class	42.8746	75.0306	100.00	75.00	85.71	3	0	1
cami_ii_marine	megapath_nano	contigs	order	42.9031	75.0804	100.00	80.00	88.89	4	0	1
cami_ii_marine	megapath_nano	contigs	family	42.9654	75.1895	100.00	60.00	75.00	3	0	2
cami_ii_marine	megapath_nano	contigs	genus	43.1796	75.5644	100.00	50.00	66.67	5	0	5
cami_ii_marine	megapath_nano	contigs	species	47.2745	82.7306	40.00	18.18	25.00	2	3	9
cami_ii_marine	squeezemeta	contigs	superkingdom	50.0000	100.0000	0.00	0.00	0.00	0	0	2
cami_ii_marine	squeezemeta	contigs	phylum	50.0000	100.0000	0.00	0.00	0.00	0	0	2
cami_ii_marine	squeezemeta	contigs	class	49.9999	100.0000	0.00	0.00	0.00	0	0	4
cami_ii_marine	squeezemeta	contigs	order	49.9999	100.0000	0.00	0.00	0.00	0	0	5
cami_ii_marine	squeezemeta	contigs	family	49.9999	100.0000	0.00	0.00	0.00	0	0	5
cami_ii_marine	squeezemeta	contigs	genus	49.9999	100.0000	0.00	0.00	0.00	0	0	10
cami_ii_marine	squeezemeta	contigs	species	49.9999	100.0000	0.00	0.00	0.00	0	0	11
cami_ii_marine	tama	contigs	superkingdom	50.0000	77.5004	66.67	100.00	80.00	2	1	0
cami_ii_marine	tama	contigs	phylum	42.7428	74.6495	100.00	100.00	100.00	2	0	0
cami_ii_marine	tama	contigs	class	42.7427	74.6495	100.00	100.00	100.00	4	0	0
cami_ii_marine	tama	contigs	order	42.7427	74.6495	100.00	100.00	100.00	5	0	0
cami_ii_marine	tama	contigs	family	42.7460	74.6605	100.00	100.00	100.00	5	0	0
cami_ii_marine	tama	contigs	genus	44.7699	79.2999	85.71	60.00	70.59	6	1	4
cami_ii_marine	tama	contigs	species	43.9686	76.7906	87.50	63.64	73.68	7	1	4
cami_ii_marine	viwrap	contigs	superkingdom	75.0000	100.0000	0.00	0.00	0.00	0	1	2
cami_ii_marine	viwrap	contigs	phylum	75.0000	100.0000	0.00	0.00	0.00	0	1	2
cami_ii_marine	viwrap	contigs	class	74.9999	100.0000	0.00	0.00	0.00	0	1	4
cami_ii_marine	viwrap	contigs	order	49.9999	100.0000	0.00	0.00	0.00	0	0	5
cami_ii_marine	viwrap	contigs	family	49.9999	100.0000	0.00	0.00	0.00	0	0	5
cami_ii_marine	viwrap	contigs	genus	49.9999	100.0000	0.00	0.00	0.00	0	0	10
cami_ii_marine	viwrap	contigs	species	49.9999	100.0000	0.00	0.00	0.00	0	0	11
cami_ii_mousegut	centrifuge	contigs	superkingdom	50.2330	78.1020	50.00	100.00	66.67	2	2	0
cami_ii_mousegut	centrifuge	contigs	phylum	43.1909	75.4096	66.67	66.67	66.67	2	1	1
cami_ii_mousegut	centrifuge	contigs	class	43.1909	75.4096	75.00	50.00	60.00	3	1	3
cami_ii_mousegut	centrifuge	contigs	order	42.9595	75.3098	100.00	50.00	66.67	3	0	3
cami_ii_mousegut	centrifuge	contigs	family	42.9595	75.3098	100.00	33.33	50.00	3	0	6
cami_ii_mousegut	centrifuge	contigs	genus	44.5614	78.1180	80.00	30.77	44.44	4	1	9
cami_ii_mousegut	centrifuge	contigs	species	50.1780	87.6089	16.67	7.14	10.00	1	5	13
cami_ii_mousegut	ganon2	contigs	superkingdom	42.3133	73.2909	100.00	100.00	100.00	2	0	0
cami_ii_mousegut	ganon2	contigs	phylum	42.3133	73.2909	100.00	100.00	100.00	3	0	0
cami_ii_mousegut	ganon2	contigs	class	43.2896	74.9820	100.00	50.00	66.67	3	0	3
cami_ii_mousegut	ganon2	contigs	order	44.0473	76.2944	66.67	33.33	44.44	2	1	4
cami_ii_mousegut	ganon2	contigs	family	44.0472	76.2944	66.67	22.22	33.33	2	1	7
cami_ii_mousegut	ganon2	contigs	genus	44.0472	76.2944	66.67	15.38	25.00	2	1	11
cami_ii_mousegut	ganon2	contigs	species	52.1116	90.2626	33.33	7.14	11.76	1	2	13
cami_ii_mousegut	hymet	contigs	superkingdom	57.0932	38.0622	66.67	100.00	80.00	2	1	0
cami_ii_mousegut	hymet	contigs	phylum	10.9553	10.9553	100.00	100.00	100.00	3	0	0
cami_ii_mousegut	hymet	contigs	class	15.9979	15.9979	100.00	100.00	100.00	6	0	0
cami_ii_mousegut	hymet	contigs	order	15.9979	15.9979	100.00	100.00	100.00	6	0	0
cami_ii_mousegut	hymet	contigs	family	24.6690	24.6691	100.00	88.89	94.12	8	0	1
cami_ii_mousegut	hymet	contigs	genus	37.5177	37.5178	90.91	76.92	83.33	10	1	3
cami_ii_mousegut	hymet	contigs	species	44.3014	44.3014	72.73	57.14	64.00	8	3	6
cami_ii_mousegut	kraken2	contigs	superkingdom	47.4523	78.3333	50.00	100.00	66.67	2	2	0
cami_ii_mousegut	kraken2	contigs	phylum	43.4374	76.7954	100.00	100.00	100.00	3	0	0
cami_ii_mousegut	kraken2	contigs	class	43.4368	76.7934	100.00	100.00	100.00	6	0	0
cami_ii_mousegut	kraken2	contigs	order	43.4512	76.8189	100.00	100.00	100.00	6	0	0
cami_ii_mousegut	kraken2	contigs	family	44.0157	77.8170	88.89	88.89	88.89	8	1	1
cami_ii_mousegut	kraken2	contigs	genus	45.3542	80.1248	83.33	76.92	80.00	10	2	3
cami_ii_mousegut	kraken2	contigs	species	48.1573	85.1360	66.67	57.14	61.54	8	4	6
cami_ii_mousegut	megapath_nano	contigs	superkingdom	42.8600	75.0050	100.00	100.00	100.00	2	0	0
cami_ii_mousegut	megapath_nano	contigs	phylum	42.8619	75.0084	100.00	100.00	100.00	3	0	0
cami_ii_mousegut	megapath_nano	contigs	class	42.8619	75.0084	100.00	83.33	90.91	5	0	1
cami_ii_mousegut	megapath_nano	contigs	order	42.9064	75.0862	100.00	66.67	80.00	4	0	2
cami_ii_mousegut	megapath_nano	contigs	family	43.6223	76.3391	85.71	66.67	75.00	6	1	3
cami_ii_mousegut	megapath_nano	contigs	genus	43.8833	76.7959	75.00	46.15	57.14	6	2	7
cami_ii_mousegut	megapath_nano	contigs	species	46.4854	81.3496	30.00	21.43	25.00	3	7	11
cami_ii_mousegut	squeezemeta	contigs	superkingdom	50.0000	100.0000	0.00	0.00	0.00	0	0	2
cami_ii_mousegut	squeezemeta	contigs	phylum	50.0000	100.0000	0.00	0.00	0.00	0	0	3
cami_ii_mousegut	squeezemeta	contigs	class	50.0000	100.0000	0.00	0.00	0.00	0	0	6
cami_ii_mousegut	squeezemeta	contigs	order	50.0000	100.0000	0.00	0.00	0.00	0	0	6
cami_ii_mousegut	squeezemeta	contigs	family	49.9999	100.0000	0.00	0.00	0.00	0	0	9
cami_ii_mousegut	squeezemeta	contigs	genus	49.9999	100.0000	0.00	0.00	0.00	0	0	13
cami_ii_mousegut	squeezemeta	contigs	species	49.9999	100.0000	0.00	0.00	0.00	0	0	14
cami_ii_mousegut	tama	contigs	superkingdom	50.0000	77.7778	66.67	100.00	80.00	2	1	0
cami_ii_mousegut	tama	contigs	phylum	42.8571	75.0000	100.00	100.00	100.00	3	0	0
cami_ii_mousegut	tama	contigs	class	42.8571	75.0000	100.00	66.67	80.00	4	0	2
cami_ii_mousegut	tama	contigs	order	42.8571	75.0000	100.00	66.67	80.00	4	0	2
cami_ii_mousegut	tama	contigs	family	42.8571	75.0000	100.00	55.56	71.43	5	0	4
cami_ii_mousegut	tama	contigs	genus	45.1645	79.0379	83.33	38.46	52.63	5	1	8
cami_ii_mousegut	tama	contigs	species	46.5530	81.4679	66.67	28.57	40.00	4	2	10
cami_ii_mousegut	viwrap	contigs	superkingdom	74.7475	100.0000	0.00	0.00	0.00	0	1	2
cami_ii_mousegut	viwrap	contigs	phylum	74.7475	100.0000	0.00	0.00	0.00	0	2	3
cami_ii_mousegut	viwrap	contigs	class	74.7475	100.0000	0.00	0.00	0.00	0	2	6
cami_ii_mousegut	viwrap	contigs	order	50.2525	100.0000	0.00	0.00	0.00	0	1	6
cami_ii_mousegut	viwrap	contigs	family	50.2525	100.0000	0.00	0.00	0.00	0	1	9
cami_ii_mousegut	viwrap	contigs	genus	49.9999	100.0000	0.00	0.00	0.00	0	0	13
cami_ii_mousegut	viwrap	contigs	species	49.9999	100.0000	0.00	0.00	0.00	0	0	14
cami_ii_strainmadness	centrifuge	contigs	superkingdom	50.0045	77.7824	66.67	100.00	80.00	2	1	0
cami_ii_strainmadness	centrifuge	contigs	phylum	42.8584	75.0039	100.00	100.00	100.00	2	0	0
cami_ii_strainmadness	centrifuge	contigs	class	42.8584	75.0039	100.00	100.00	100.00	3	0	0
cami_ii_strainmadness	centrifuge	contigs	order	42.8584	75.0039	100.00	100.00	100.00	3	0	0
cami_ii_strainmadness	centrifuge	contigs	family	42.8584	75.0039	100.00	100.00	100.00	4	0	0
cami_ii_strainmadness	centrifuge	contigs	genus	42.8584	75.0039	100.00	90.00	94.74	9	0	1
cami_ii_strainmadness	centrifuge	contigs	species	50.6841	88.6921	54.55	54.55	54.55	6	5	5
cami_ii_strainmadness	ganon2	contigs	superkingdom	49.2471	96.9389	100.00	100.00	100.00	2	0	0
cami_ii_strainmadness	ganon2	contigs	phylum	49.3854	97.2110	66.67	100.00	80.00	2	1	0
cami_ii_strainmadness	ganon2	contigs	class	49.3854	97.2110	66.67	66.67	66.67	2	1	1
cami_ii_strainmadness	ganon2	contigs	order	50.3431	99.0963	33.33	33.33	33.33	1	2	2
cami_ii_strainmadness	ganon2	contigs	family	50.3431	99.0963	33.33	25.00	28.57	1	2	3
cami_ii_strainmadness	ganon2	contigs	genus	50.3431	99.0963	33.33	10.00	15.38	1	2	9
cami_ii_strainmadness	ganon2	contigs	species	50.8023	100.0000	0.00	0.00	0.00	0	3	11
cami_ii_strainmadness	hymet	contigs	superkingdom	53.9789	35.9860	66.67	100.00	80.00	2	1	0
cami_ii_strainmadness	hymet	contigs	phylum	3.9789	3.9789	100.00	100.00	100.00	2	0	0
cami_ii_strainmadness	hymet	contigs	class	8.9909	8.9909	100.00	100.00	100.00	3	0	0
cami_ii_strainmadness	hymet	contigs	order	8.9909	8.9909	100.00	100.00	100.00	3	0	0
cami_ii_strainmadness	hymet	contigs	family	8.9909	8.9909	100.00	100.00	100.00	4	0	0
cami_ii_strainmadness	hymet	contigs	genus	11.6838	11.6838	90.00	90.00	90.00	9	1	1
cami_ii_strainmadness	hymet	contigs	species	25.3688	25.3688	47.62	90.91	62.50	10	11	1
cami_ii_strainmadness	kraken2	contigs	superkingdom	45.7108	77.1047	50.00	100.00	66.67	2	2	0
cami_ii_strainmadness	kraken2	contigs	phylum	43.2133	76.0977	100.00	100.00	100.00	2	0	0
cami_ii_strainmadness	kraken2	contigs	class	43.2133	76.0977	100.00	100.00	100.00	3	0	0
cami_ii_strainmadness	kraken2	contigs	order	43.2133	76.0977	100.00	100.00	100.00	3	0	0
cami_ii_strainmadness	kraken2	contigs	family	43.2188	76.1000	100.00	100.00	100.00	4	0	0
cami_ii_strainmadness	kraken2	contigs	genus	43.3280	76.3097	100.00	50.00	66.67	5	0	5
cami_ii_strainmadness	kraken2	contigs	species	43.5371	76.6706	100.00	54.55	70.59	6	0	5
cami_ii_strainmadness	megapath_nano	contigs	superkingdom	50.0000	77.7778	66.67	100.00	80.00	2	1	0
cami_ii_strainmadness	megapath_nano	contigs	phylum	42.8855	75.0496	100.00	100.00	100.00	2	0	0
cami_ii_strainmadness	megapath_nano	contigs	class	42.8962	75.0683	100.00	100.00	100.00	3	0	0
cami_ii_strainmadness	megapath_nano	contigs	order	43.0099	75.2674	100.00	100.00	100.00	3	0	0
cami_ii_strainmadness	megapath_nano	contigs	family	43.0619	75.3583	100.00	100.00	100.00	4	0	0
cami_ii_strainmadness	megapath_nano	contigs	genus	43.4133	75.9732	80.00	40.00	53.33	4	1	6
cami_ii_strainmadness	megapath_nano	contigs	species	45.1961	79.0931	60.00	27.27	37.50	3	2	8
cami_ii_strainmadness	squeezemeta	contigs	superkingdom	50.0000	100.0000	0.00	0.00	0.00	0	0	2
cami_ii_strainmadness	squeezemeta	contigs	phylum	50.0000	100.0000	0.00	0.00	0.00	0	0	2
cami_ii_strainmadness	squeezemeta	contigs	class	50.0000	100.0000	0.00	0.00	0.00	0	0	3
cami_ii_strainmadness	squeezemeta	contigs	order	50.0000	100.0000	0.00	0.00	0.00	0	0	3
cami_ii_strainmadness	squeezemeta	contigs	family	50.0000	100.0000	0.00	0.00	0.00	0	0	4
cami_ii_strainmadness	squeezemeta	contigs	genus	50.0000	100.0000	0.00	0.00	0.00	0	0	10
cami_ii_strainmadness	squeezemeta	contigs	species	50.0001	100.0000	0.00	0.00	0.00	0	0	11
cami_ii_strainmadness	tama	contigs	superkingdom	50.0000	77.7778	66.67	100.00	80.00	2	1	0
cami_ii_strainmadness	tama	contigs	phylum	42.8595	75.0042	100.00	100.00	100.00	2	0	0
cami_ii_strainmadness	tama	contigs	class	42.8595	75.0042	100.00	66.67	80.00	2	0	1
cami_ii_strainmadness	tama	contigs	order	42.8595	75.0042	100.00	66.67	80.00	2	0	1
cami_ii_strainmadness	tama	contigs	family	42.8617	75.0080	100.00	50.00	66.67	2	0	2
cami_ii_strainmadness	tama	contigs	genus	42.8667	75.0167	100.00	30.00	46.15	3	0	7
cami_ii_strainmadness	tama	contigs	species	42.8667	75.0167	100.00	36.36	53.33	4	0	7
cami_ii_strainmadness	viwrap	contigs	superkingdom	74.4186	100.0000	0.00	0.00	0.00	0	1	2
cami_ii_strainmadness	viwrap	contigs	phylum	74.4186	100.0000	0.00	0.00	0.00	0	2	2
cami_ii_strainmadness	viwrap	contigs	class	74.4186	100.0000	0.00	0.00	0.00	0	2	3
cami_ii_strainmadness	viwrap	contigs	order	50.5814	100.0000	0.00	0.00	0.00	0	1	3
cami_ii_strainmadness	viwrap	contigs	family	50.5814	100.0000	0.00	0.00	0.00	0	1	4
cami_ii_strainmadness	viwrap	contigs	genus	50.0000	100.0000	0.00	0.00	0.00	0	0	10
cami_ii_strainmadness	viwrap	contigs	species	50.0001	100.0000	0.00	0.00	0.00	0	0	11
cami_sample_0	centrifuge	contigs	superkingdom	44.3527	77.0239	50.00	100.00	66.67	1	1	0
cami_sample_0	centrifuge	contigs	phylum	45.4725	78.9686	66.67	66.67	66.67	2	1	1
cami_sample_0	centrifuge	contigs	class	45.4725	78.9686	75.00	60.00	66.67	3	1	2
cami_sample_0	centrifuge	contigs	order	46.3836	81.9279	66.67	33.33	44.44	2	1	4
cami_sample_0	centrifuge	contigs	family	44.8608	79.2380	75.00	30.00	42.86	3	1	7
cami_sample_0	centrifuge	contigs	genus	50.8682	89.8948	25.00	25.00	25.00	3	9	9
cami_sample_0	centrifuge	contigs	species	55.2226	95.8816	5.56	4.76	5.13	1	17	20
cami_sample_0	ganon2	contigs	superkingdom	46.9306	88.3656	100.00	100.00	100.00	1	0	0
cami_sample_0	ganon2	contigs	phylum	50.4879	95.0639	66.67	66.67	66.67	2	1	1
cami_sample_0	ganon2	contigs	class	50.5067	95.0993	66.67	40.00	50.00	2	1	3
cami_sample_0	ganon2	contigs	order	51.9661	97.8473	66.67	33.33	44.44	2	1	4
cami_sample_0	ganon2	contigs	family	52.3973	98.6590	66.67	20.00	30.77	2	1	8
cami_sample_0	ganon2	contigs	genus	51.6026	98.6386	66.67	16.67	26.67	2	1	10
cami_sample_0	ganon2	contigs	species	52.5140	98.8787	33.33	4.76	8.33	1	2	20
cami_sample_0	hymet	contigs	superkingdom	0.0372	0.0372	100.00	100.00	100.00	1	0	0
cami_sample_0	hymet	contigs	phylum	19.6820	19.6820	75.00	100.00	85.71	3	1	0
cami_sample_0	hymet	contigs	class	69.1885	69.1885	83.33	100.00	90.91	5	1	0
cami_sample_0	hymet	contigs	order	70.4459	70.4460	66.67	100.00	80.00	6	3	0
cami_sample_0	hymet	contigs	family	71.3456	71.3456	47.06	80.00	59.26	8	9	2
cami_sample_0	hymet	contigs	genus	90.3513	91.0751	30.00	75.00	42.86	9	21	3
cami_sample_0	hymet	contigs	species	94.5968	94.5972	26.09	57.14	35.82	12	34	9
cami_sample_0	kraken2	contigs	superkingdom	52.9345	79.7619	16.67	100.00	28.57	1	5	0
cami_sample_0	kraken2	contigs	phylum	46.3606	81.7384	50.00	66.67	57.14	2	2	1
cami_sample_0	kraken2	contigs	class	46.7595	82.4408	57.14	80.00	66.67	4	3	1
cami_sample_0	kraken2	contigs	order	51.9914	91.6694	50.00	83.33	62.50	5	5	1
cami_sample_0	kraken2	contigs	family	48.1308	84.8595	47.06	80.00	59.26	8	9	2
cami_sample_0	kraken2	contigs	genus	52.1295	93.1452	26.67	66.67	38.10	8	22	4
cami_sample_0	kraken2	contigs	species	54.2195	95.5917	21.05	38.10	27.12	8	30	13
cami_sample_0	megapath_nano	contigs	superkingdom	42.8571	75.0000	100.00	100.00	100.00	1	0	0
cami_sample_0	megapath_nano	contigs	phylum	46.2787	80.9878	66.67	66.67	66.67	2	1	1
cami_sample_0	megapath_nano	contigs	class	46.2973	81.0203	75.00	60.00	66.67	3	1	2
cami_sample_0	megapath_nano	contigs	order	51.7599	90.5800	66.67	66.67	66.67	4	2	2
cami_sample_0	megapath_nano	contigs	family	49.3352	86.3365	63.64	70.00	66.67	7	4	3
cami_sample_0	megapath_nano	contigs	genus	52.5860	93.3235	46.67	58.33	51.85	7	8	5
cami_sample_0	megapath_nano	contigs	species	54.3568	95.1252	29.41	23.81	26.32	5	12	16
cami_sample_0	squeezemeta	contigs	superkingdom	50.0000	100.0000	0.00	0.00	0.00	0	0	1
cami_sample_0	squeezemeta	contigs	phylum	50.0000	100.0000	0.00	0.00	0.00	0	0	3
cami_sample_0	squeezemeta	contigs	class	49.9999	100.0000	0.00	0.00	0.00	0	0	5
cami_sample_0	squeezemeta	contigs	order	49.9999	100.0000	0.00	0.00	0.00	0	0	6
cami_sample_0	squeezemeta	contigs	family	50.0000	100.0000	0.00	0.00	0.00	0	0	10
cami_sample_0	squeezemeta	contigs	genus	49.2052	100.0000	0.00	0.00	0.00	0	0	12
cami_sample_0	squeezemeta	contigs	species	49.9996	100.0000	0.00	0.00	0.00	0	0	21
cami_sample_0	tama	contigs	superkingdom	42.8417	74.9526	100.00	100.00	100.00	1	0	0
cami_sample_0	tama	contigs	phylum	44.8749	78.5098	75.00	100.00	85.71	3	1	0
cami_sample_0	tama	contigs	class	45.3440	79.3307	83.33	100.00	90.91	5	1	0
cami_sample_0	tama	contigs	order	49.5449	86.6803	75.00	100.00	85.71	6	2	0
cami_sample_0	tama	contigs	family	47.7127	83.4747	50.00	70.00	58.33	7	7	3
cami_sample_0	tama	contigs	genus	51.7458	91.9839	32.00	66.67	43.24	8	17	4
cami_sample_0	tama	contigs	species	52.8261	92.4213	31.03	42.86	36.00	9	20	12
cami_sample_0	viwrap	contigs	superkingdom	74.5455	100.0000	0.00	0.00	0.00	0	1	1
cami_sample_0	viwrap	contigs	phylum	74.5454	100.0000	0.00	0.00	0.00	0	3	3
cami_sample_0	viwrap	contigs	class	74.5454	100.0000	0.00	0.00	0.00	0	3	5
cami_sample_0	viwrap	contigs	order	50.3635	100.0000	0.00	0.00	0.00	0	2	6
cami_sample_0	viwrap	contigs	family	50.5455	100.0000	0.00	0.00	0.00	0	3	10
cami_sample_0	viwrap	contigs	genus	49.2052	100.0000	0.00	0.00	0.00	0	0	12
cami_sample_0	viwrap	contigs	species	49.9996	100.0000	0.00	0.00	0.00	0	0	21
